<?xml version = '1.0' encoding = 'UTF-8'?>
<Diagram class="oracle.dbtools.crest.swingui.logical.DPVLogical" name="Logical" id="0EF9B3C9-8842-1FF5-F836-6172582C1168">
<createdBy>LENOVO</createdBy>
<modifiedBy>LENOVO</modifiedBy>
<createdTime>2025-04-05 19:27:09 UTC</createdTime>
<autoRoute>false</autoRoute>
<boxInbox>true</boxInbox>
<showLegend>false</showLegend>
<showLabels>false</showLabels>
<showRelAttributes>false</showRelAttributes>
<gridEnabled>false</gridEnabled>
<showGrid>false</showGrid>
<diagramColor>-1</diagramColor>
<display>false</display>
<notation>1</notation>
<objectViews>
<OView class="oracle.dbtools.crest.swingui.logical.TVEntity" oid="05419BA3-C901-B2F6-B9F3-3E12182EE6F7" otype="Entity" vid="B132F3C2-6744-DF68-3EAB-977646ACA0B9">
<hideElementsInCurrentOnly>false</hideElementsInCurrentOnly>
<bounds x="441" y="383" width="170" height="110"/>
</OView>
<OView class="oracle.dbtools.crest.swingui.logical.TVEntity" oid="132211D3-9F90-52AC-B157-36568F311FC0" otype="Entity" vid="18D3A984-FDED-297C-535D-1DB5FDF60510">
<hideElementsInCurrentOnly>false</hideElementsInCurrentOnly>
<bounds x="998" y="377" width="170" height="110"/>
</OView>
<OView class="oracle.dbtools.crest.swingui.logical.TVEntity" oid="6FD2A014-0F4B-2C5C-DF13-3701D4920FEB" otype="Entity" vid="BBB5E9C7-AE40-E598-193B-40CFD2CCD3E5">
<hideElementsInCurrentOnly>false</hideElementsInCurrentOnly>
<bounds x="440" y="536" width="170" height="110"/>
</OView>
<OView class="oracle.dbtools.crest.swingui.logical.TVEntity" oid="87C308C4-1D22-329E-A938-29359B82BC61" otype="Entity" vid="40E41A50-F3EA-DA4D-0FD4-DDF23C8CE609">
<hideElementsInCurrentOnly>false</hideElementsInCurrentOnly>
<bounds x="717" y="539" width="170" height="110"/>
</OView>
<OView class="oracle.dbtools.crest.swingui.logical.TVEntity" oid="9548254F-7FBE-71F7-C79A-EDFAC710FBE7" otype="Entity" vid="BB9CAE2D-94A7-8A5B-64A1-DCEC1D7BA9AA">
<hideElementsInCurrentOnly>false</hideElementsInCurrentOnly>
<bounds x="715" y="228" width="170" height="110"/>
</OView>
<OView class="oracle.dbtools.crest.swingui.logical.TVEntity" oid="97B52908-FA47-2A91-CDBD-9B0F3605F62B" otype="Entity" vid="5C1834BB-171C-C982-2EF4-671AE3BA2490">
<hideElementsInCurrentOnly>false</hideElementsInCurrentOnly>
<bounds x="435" y="198" width="170" height="110"/>
</OView>
<OView class="oracle.dbtools.crest.swingui.logical.TVEntity" oid="9BD53318-3E80-7DE5-CF66-F0E0B7E4BADB" otype="Entity" vid="4C702818-3EFC-869B-2B77-DEB68CE0168A">
<hideElementsInCurrentOnly>false</hideElementsInCurrentOnly>
<bounds x="995" y="188" width="170" height="110"/>
</OView>
<OView class="oracle.dbtools.crest.swingui.logical.TVEntity" oid="A736EC1C-FC78-366E-4309-734F03BD849C" otype="Entity" vid="28FFF1BE-C7DD-3374-5D50-3CA414EEF218">
<hideElementsInCurrentOnly>false</hideElementsInCurrentOnly>
<bounds x="721" y="383" width="170" height="110"/>
</OView>
<OView class="oracle.dbtools.crest.swingui.logical.TVEntity" oid="EA6D6774-D5AE-37AE-1230-6697672F37C2" otype="Entity" vid="81AC22B9-0D58-6DF6-B591-89FB430126D2">
<hideElementsInCurrentOnly>false</hideElementsInCurrentOnly>
<bounds x="722" y="83" width="170" height="110"/>
</OView>
</objectViews>
<connectors>
<Connector class="oracle.dbtools.crest.swingui.logical.TVRelation" oid="2DD634BD-EB19-3AD1-45AF-37A28B599E44" otype="Relation" vid_source="28FFF1BE-C7DD-3374-5D50-3CA414EEF218" vid_target="BB9CAE2D-94A7-8A5B-64A1-DCEC1D7BA9AA">
<hideElementsInCurrentOnly>false</hideElementsInCurrentOnly>
<backgroundColor>-16777216</backgroundColor>
<lineWidth>1</lineWidth>
<points>
<point x="803" y="383"/>
<point x="803" y="338"/>
</points>
</Connector>
<Connector class="oracle.dbtools.crest.swingui.logical.TVRelation" oid="3B99022E-883F-2593-5940-B37F4942776C" otype="Relation" vid_source="81AC22B9-0D58-6DF6-B591-89FB430126D2" vid_target="BB9CAE2D-94A7-8A5B-64A1-DCEC1D7BA9AA">
<hideElementsInCurrentOnly>false</hideElementsInCurrentOnly>
<backgroundColor>-16777216</backgroundColor>
<lineWidth>1</lineWidth>
<points>
<point x="803" y="193"/>
<point x="803" y="228"/>
</points>
</Connector>
<Connector class="oracle.dbtools.crest.swingui.logical.TVRelation" oid="42DA9272-FCB5-43ED-BEDA-627459A44E4C" otype="Relation" vid_source="B132F3C2-6744-DF68-3EAB-977646ACA0B9" vid_target="BBB5E9C7-AE40-E598-193B-40CFD2CCD3E5">
<hideElementsInCurrentOnly>false</hideElementsInCurrentOnly>
<backgroundColor>-16777216</backgroundColor>
<lineWidth>1</lineWidth>
<points>
<point x="525" y="493"/>
<point x="525" y="536"/>
</points>
</Connector>
<Connector class="oracle.dbtools.crest.swingui.logical.TVRelation" oid="4F45118B-1B71-B8CA-263F-2434A03E4AA5" otype="Relation" vid_source="4C702818-3EFC-869B-2B77-DEB68CE0168A" vid_target="18D3A984-FDED-297C-535D-1DB5FDF60510">
<hideElementsInCurrentOnly>false</hideElementsInCurrentOnly>
<backgroundColor>-16777216</backgroundColor>
<lineWidth>1</lineWidth>
<points>
<point x="1081" y="298"/>
<point x="1081" y="377"/>
</points>
</Connector>
<Connector class="oracle.dbtools.crest.swingui.logical.TVRelation" oid="4F9ACA88-0D1B-753C-4CAE-1E02D27D652A" otype="Relation" vid_source="B132F3C2-6744-DF68-3EAB-977646ACA0B9" vid_target="28FFF1BE-C7DD-3374-5D50-3CA414EEF218">
<hideElementsInCurrentOnly>false</hideElementsInCurrentOnly>
<backgroundColor>-16777216</backgroundColor>
<lineWidth>1</lineWidth>
<points>
<point x="611" y="438"/>
<point x="721" y="438"/>
</points>
</Connector>
<Connector class="oracle.dbtools.crest.swingui.logical.TVRelation" oid="629B2735-97F2-3E71-91D4-FB4058A50A32" otype="Relation" vid_source="5C1834BB-171C-C982-2EF4-671AE3BA2490" vid_target="B132F3C2-6744-DF68-3EAB-977646ACA0B9">
<hideElementsInCurrentOnly>false</hideElementsInCurrentOnly>
<backgroundColor>-16777216</backgroundColor>
<lineWidth>1</lineWidth>
<points>
<point x="523" y="308"/>
<point x="523" y="383"/>
</points>
</Connector>
<Connector class="oracle.dbtools.crest.swingui.logical.TVRelation" oid="6AEF3553-D473-9691-5943-5D67384E9E70" otype="Relation" vid_source="28FFF1BE-C7DD-3374-5D50-3CA414EEF218" vid_target="18D3A984-FDED-297C-535D-1DB5FDF60510">
<hideElementsInCurrentOnly>false</hideElementsInCurrentOnly>
<backgroundColor>-16777216</backgroundColor>
<lineWidth>1</lineWidth>
<points>
<point x="891" y="435"/>
<point x="998" y="435"/>
</points>
</Connector>
<Connector class="oracle.dbtools.crest.swingui.logical.TVRelation" oid="BE310242-203D-9043-DCFF-243B6703239D" otype="Relation" vid_source="28FFF1BE-C7DD-3374-5D50-3CA414EEF218" vid_target="40E41A50-F3EA-DA4D-0FD4-DDF23C8CE609">
<hideElementsInCurrentOnly>false</hideElementsInCurrentOnly>
<backgroundColor>-16777216</backgroundColor>
<lineWidth>1</lineWidth>
<points>
<point x="804" y="493"/>
<point x="804" y="539"/>
</points>
</Connector>
</connectors>
</Diagram>