<?xml version = '1.0' encoding = 'UTF-8'?>
<Relation class="oracle.dbtools.crest.model.design.logical.Relation" name="Relation_5" directorySegmentName="seg_0" id="08E58119-E65F-BD49-C993-0E16D6F63FF5">
<createdBy>Alumno</createdBy>
<createdTime>2025-03-27 20:15:43 UTC</createdTime>
<ownerDesignName>cocina</ownerDesignName>
<engineerTo>
<item key="973B1F45-2F2D-9143-EA02-D15EE566BA42" value="true"/>
</engineerTo>
<sourcePk>B099573B-E72C-B8B1-28BB-20D0EAACE4CA</sourcePk>
<identifying>false</identifying>
<optionalSource>true</optionalSource>
<optionalTarget>false</optionalTarget>
<sourceCardinality>1</sourceCardinality>
<sourceEntity>2B6B9E5A-08D9-57A2-4F73-BF401FC590FF</sourceEntity>
<targetCardinalityString>*</targetCardinalityString>
<targetEntity>E4CA7DF0-4F87-44A6-C84B-6289D1BD3F57</targetEntity>
<transferable>true</transferable>
<deleteRule>NO ACTION</deleteRule>
</Relation>