<?xml version = '1.0' encoding = 'UTF-8'?>
<Relation class="oracle.dbtools.crest.model.design.logical.Relation" name="Relation_6" directorySegmentName="seg_0" id="1CDF56D3-AC56-70A5-61AE-55BD7CD32496">
<createdBy>Alumno</createdBy>
<createdTime>2025-03-27 21:43:10 UTC</createdTime>
<ownerDesignName>cocina</ownerDesignName>
<engineerTo>
<item key="973B1F45-2F2D-9143-EA02-D15EE566BA42" value="true"/>
</engineerTo>
<sourcePk>B9048BA5-BCB9-7793-3AFD-E004DB43FB86</sourcePk>
<identifying>false</identifying>
<optionalSource>true</optionalSource>
<optionalTarget>false</optionalTarget>
<sourceCardinality>1</sourceCardinality>
<sourceEntity>E4CA7DF0-4F87-44A6-C84B-6289D1BD3F57</sourceEntity>
<targetCardinalityString>*</targetCardinalityString>
<targetEntity>3B3777E7-1359-DC5B-4609-4E8C1D071F6B</targetEntity>
<transferable>true</transferable>
<deleteRule>NO ACTION</deleteRule>
</Relation>