<?xml version = '1.0' encoding = 'UTF-8'?>
<Relation class="oracle.dbtools.crest.model.design.logical.Relation" name="Relation_2" directorySegmentName="seg_0" id="D531E775-90ED-7638-D158-7CE8A37EBBFC">
<createdBy>Alumno</createdBy>
<createdTime>2025-03-27 19:48:40 UTC</createdTime>
<ownerDesignName>cocina</ownerDesignName>
<engineerTo>
<item key="973B1F45-2F2D-9143-EA02-D15EE566BA42" value="true"/>
</engineerTo>
<identifying>false</identifying>
<optionalSource>true</optionalSource>
<optionalTarget>false</optionalTarget>
<sourceCardinality>*</sourceCardinality>
<sourceEntity>3B3777E7-1359-DC5B-4609-4E8C1D071F6B</sourceEntity>
<targetCardinalityString>*</targetCardinalityString>
<targetEntity>9D4C0CA5-42A1-9FC8-3765-BFA45BC3D7D6</targetEntity>
<transferable>true</transferable>
<deleteRule>NO ACTION</deleteRule>
</Relation>