<?xml version = '1.0' encoding = 'UTF-8'?>
<FKIndexAssociation class="oracle.dbtools.crest.model.design.relational.FKIndexAssociation" directorySegmentName="seg_0" id="0D8FB31A-D140-A47D-998E-8AD57343BEA7" containerWithKeyObject="674038F7-0ABC-F042-98CE-C5FC144A3612" localFKIndex="C99AEB2F-CF0A-3800-C19F-7C34F3062A4C" name="FORMA_DE_PAGO_COMPROBANTE_FK">
<createdBy>LENOVO</createdBy>
<createdTime>2025-04-05 21:41:52 UTC</createdTime>
<generatorID>BE310242-203D-9043-DCFF-243B6703239D</generatorID>
<ownerDesignName>farmacia</ownerDesignName>
<referredTableLongName>COMPROBANTE</referredTableLongName>
<deleteRule>NO ACTION</deleteRule>
<referredTableID>2EB9247D-4CCD-00CC-5ED7-45F310AE8557</referredTableID>
<keyObject>29A85145-D243-4CE0-9F20-59EBE7192B8B</keyObject>
<referredKeyID>29A85145-D243-4CE0-9F20-59EBE7192B8B</referredKeyID>
<mandatory>true</mandatory>
<refColNames>id_com</refColNames>
<transferable>true</transferable>
<rely>false</rely>
<columnDependencyConstraintGenerateInDDL>true</columnDependencyConstraintGenerateInDDL>
</FKIndexAssociation>