<?xml version = '1.0' encoding = 'UTF-8'?>
<FKIndexAssociation class="oracle.dbtools.crest.model.design.relational.FKIndexAssociation" directorySegmentName="seg_0" id="24DE1318-081A-08F5-2202-F6F218D0BFC4" containerWithKeyObject="411E9D5F-2C11-629E-1B9A-5E804C003BF9" localFKIndex="FF33376F-5E3F-E3B4-B3EC-36B4F4A67EE2" name="EMPLEADO_CARGO_FK">
<createdBy>LENOVO</createdBy>
<createdTime>2025-04-05 21:41:52 UTC</createdTime>
<generatorID>3B99022E-883F-2593-5940-B37F4942776C</generatorID>
<ownerDesignName>farmacia</ownerDesignName>
<referredTableLongName>CARGO</referredTableLongName>
<deleteRule>NO ACTION</deleteRule>
<referredTableID>4801A5CB-1F19-FDFE-151B-E65214F2356D</referredTableID>
<keyObject>2AD28354-6A02-B336-3C53-DB172F81E0D4</keyObject>
<referredKeyID>2AD28354-6A02-B336-3C53-DB172F81E0D4</referredKeyID>
<mandatory>true</mandatory>
<refColNames>id_car</refColNames>
<transferable>true</transferable>
<rely>false</rely>
<columnDependencyConstraintGenerateInDDL>true</columnDependencyConstraintGenerateInDDL>
</FKIndexAssociation>