<?xml version = '1.0' encoding = 'UTF-8'?>
<FKIndexAssociation class="oracle.dbtools.crest.model.design.relational.FKIndexAssociation" directorySegmentName="seg_0" id="4606AF43-059D-46B0-147F-1130D60C80E6" containerWithKeyObject="EB528D6F-C4DB-7556-E676-7B6E2B475A44" localFKIndex="18537535-7648-34E8-39D1-946D9D6F766E" name="Relation_7_MEDICAMENTO_FK">
<createdBy>LENOVO</createdBy>
<createdTime>2025-04-05 21:41:52 UTC</createdTime>
<generatorID>6AEF3553-D473-9691-5943-5D67384E9E70</generatorID>
<ownerDesignName>farmacia</ownerDesignName>
<referredTableLongName>MEDICAMENTO</referredTableLongName>
<deleteRule>NO ACTION</deleteRule>
<referredTableID>04610A5B-5A5A-9261-B377-86DAE35A66A3</referredTableID>
<keyObject>003FAF3A-89CA-B1AE-41DB-3B10BC1504B0</keyObject>
<referredKeyID>003FAF3A-89CA-B1AE-41DB-3B10BC1504B0</referredKeyID>
<mandatory>true</mandatory>
<refColNames>id_med</refColNames>
<transferable>true</transferable>
<rely>false</rely>
<columnDependencyConstraintGenerateInDDL>true</columnDependencyConstraintGenerateInDDL>
</FKIndexAssociation>