<?xml version = '1.0' encoding = 'UTF-8'?>
<FKIndexAssociation class="oracle.dbtools.crest.model.design.relational.FKIndexAssociation" directorySegmentName="seg_0" id="4E1C4042-1C34-9B99-033B-1C4540BD020D" containerWithKeyObject="2EB9247D-4CCD-00CC-5ED7-45F310AE8557" localFKIndex="048418CA-0F24-0782-8087-EEA726D22CA9" name="COMPROBANTE_CLIENTE_FK">
<createdBy>LENOVO</createdBy>
<createdTime>2025-04-05 21:41:52 UTC</createdTime>
<generatorID>4F9ACA88-0D1B-753C-4CAE-1E02D27D652A</generatorID>
<ownerDesignName>farmacia</ownerDesignName>
<referredTableLongName>CLIENTE</referredTableLongName>
<deleteRule>NO ACTION</deleteRule>
<referredTableID>5F481D4B-087E-112C-717C-14C9427A1D11</referredTableID>
<keyObject>99A7C3A3-DA7B-B7AB-4137-F4D4AEA6F4C5</keyObject>
<referredKeyID>99A7C3A3-DA7B-B7AB-4137-F4D4AEA6F4C5</referredKeyID>
<mandatory>true</mandatory>
<refColNames>id_cli</refColNames>
<transferable>true</transferable>
<rely>false</rely>
<columnDependencyConstraintGenerateInDDL>true</columnDependencyConstraintGenerateInDDL>
</FKIndexAssociation>