<?xml version = '1.0' encoding = 'UTF-8'?>
<FKIndexAssociation class="oracle.dbtools.crest.model.design.relational.FKIndexAssociation" directorySegmentName="seg_0" id="52FC440D-F671-8193-66B2-86BEAF0F1B6A" containerWithKeyObject="EB528D6F-C4DB-7556-E676-7B6E2B475A44" localFKIndex="67F67C22-1FE5-A6A1-AA60-6CA283D98A83" name="Relation_7_COMPROBANTE_FK">
<createdBy>LENOVO</createdBy>
<createdTime>2025-04-05 21:41:52 UTC</createdTime>
<generatorID>6AEF3553-D473-9691-5943-5D67384E9E70</generatorID>
<ownerDesignName>farmacia</ownerDesignName>
<referredTableLongName>COMPROBANTE</referredTableLongName>
<deleteRule>NO ACTION</deleteRule>
<referredTableID>2EB9247D-4CCD-00CC-5ED7-45F310AE8557</referredTableID>
<keyObject>29A85145-D243-4CE0-9F20-59EBE7192B8B</keyObject>
<referredKeyID>29A85145-D243-4CE0-9F20-59EBE7192B8B</referredKeyID>
<mandatory>true</mandatory>
<refColNames>id_com</refColNames>
<transferable>true</transferable>
<rely>false</rely>
<columnDependencyConstraintGenerateInDDL>true</columnDependencyConstraintGenerateInDDL>
</FKIndexAssociation>