<?xml version = '1.0' encoding = 'UTF-8'?>
<FKIndexAssociation class="oracle.dbtools.crest.model.design.relational.FKIndexAssociation" directorySegmentName="seg_0" id="6E6344BE-2660-F41F-BF73-3E2BA8FD7342" containerWithKeyObject="04610A5B-5A5A-9261-B377-86DAE35A66A3" localFKIndex="F12C3AB4-D28F-6CEE-A8AA-535AFD8EB8CF" name="MEDICAMENTO_LABORATORIO_FK">
<createdBy>LENOVO</createdBy>
<createdTime>2025-04-05 21:41:52 UTC</createdTime>
<generatorID>4F45118B-1B71-B8CA-263F-2434A03E4AA5</generatorID>
<ownerDesignName>farmacia</ownerDesignName>
<referredTableLongName>LABORATORIO</referredTableLongName>
<deleteRule>NO ACTION</deleteRule>
<referredTableID>0474CF16-E84C-2C6E-E899-B535E5DA5027</referredTableID>
<keyObject>6C4759AB-FFCE-40B4-E676-1617D7B1E098</keyObject>
<referredKeyID>6C4759AB-FFCE-40B4-E676-1617D7B1E098</referredKeyID>
<mandatory>true</mandatory>
<refColNames>id_lab</refColNames>
<transferable>true</transferable>
<rely>false</rely>
<columnDependencyConstraintGenerateInDDL>true</columnDependencyConstraintGenerateInDDL>
</FKIndexAssociation>