<?xml version = '1.0' encoding = 'UTF-8'?>
<FKIndexAssociation class="oracle.dbtools.crest.model.design.relational.FKIndexAssociation" directorySegmentName="seg_0" id="AC30EF9F-FF27-849D-06E4-3C3E69DD213A" containerWithKeyObject="411E9D5F-2C11-629E-1B9A-5E804C003BF9" localFKIndex="4870AA6D-44E5-FAA7-0141-D71E2EFC9E85" name="EMPLEADO_COMPROBANTE_FK">
<createdBy>LENOVO</createdBy>
<createdTime>2025-04-05 21:41:52 UTC</createdTime>
<generatorID>2DD634BD-EB19-3AD1-45AF-37A28B599E44</generatorID>
<ownerDesignName>farmacia</ownerDesignName>
<referredTableLongName>COMPROBANTE</referredTableLongName>
<deleteRule>NO ACTION</deleteRule>
<referredTableID>2EB9247D-4CCD-00CC-5ED7-45F310AE8557</referredTableID>
<keyObject>29A85145-D243-4CE0-9F20-59EBE7192B8B</keyObject>
<referredKeyID>29A85145-D243-4CE0-9F20-59EBE7192B8B</referredKeyID>
<mandatory>true</mandatory>
<refColNames>id_com</refColNames>
<transferable>true</transferable>
<rely>false</rely>
<columnDependencyConstraintGenerateInDDL>true</columnDependencyConstraintGenerateInDDL>
</FKIndexAssociation>