<?xml version = '1.0' encoding = 'UTF-8'?>
<FKIndexAssociation class="oracle.dbtools.crest.model.design.relational.FKIndexAssociation" directorySegmentName="seg_0" id="BE7885DE-2D7B-572D-BB49-4870B1E5781F" containerWithKeyObject="5F481D4B-087E-112C-717C-14C9427A1D11" localFKIndex="78A403FF-2B44-1192-48B2-3B3B6619CB21" name="CLIENTE_DISTRITO_FK">
<createdBy>LENOVO</createdBy>
<createdTime>2025-04-05 21:41:52 UTC</createdTime>
<generatorID>629B2735-97F2-3E71-91D4-FB4058A50A32</generatorID>
<ownerDesignName>farmacia</ownerDesignName>
<referredTableLongName>DISTRITO</referredTableLongName>
<deleteRule>NO ACTION</deleteRule>
<referredTableID>726E39E7-79B7-B16A-CFF4-432276D339AC</referredTableID>
<keyObject>27FE7F9A-F465-091A-01A2-F1E7430C449D</keyObject>
<referredKeyID>27FE7F9A-F465-091A-01A2-F1E7430C449D</referredKeyID>
<mandatory>true</mandatory>
<refColNames>ID_dis</refColNames>
<transferable>true</transferable>
<rely>false</rely>
<columnDependencyConstraintGenerateInDDL>true</columnDependencyConstraintGenerateInDDL>
</FKIndexAssociation>