<?xml version = '1.0' encoding = 'UTF-8'?>
<FKIndexAssociation class="oracle.dbtools.crest.model.design.relational.FKIndexAssociation" directorySegmentName="seg_0" id="F3740F02-FC24-FCB7-D9C6-1065D318A590" containerWithKeyObject="ED3416AB-FB34-87DE-22FC-97CBD964AA64" localFKIndex="09C6B87F-E1BD-6DA0-5043-2F85193C9082" name="RECLAMO_CLIENTE_FK">
<createdBy>LENOVO</createdBy>
<createdTime>2025-04-05 21:41:52 UTC</createdTime>
<generatorID>42DA9272-FCB5-43ED-BEDA-627459A44E4C</generatorID>
<ownerDesignName>farmacia</ownerDesignName>
<referredTableLongName>CLIENTE</referredTableLongName>
<deleteRule>NO ACTION</deleteRule>
<referredTableID>5F481D4B-087E-112C-717C-14C9427A1D11</referredTableID>
<keyObject>99A7C3A3-DA7B-B7AB-4137-F4D4AEA6F4C5</keyObject>
<referredKeyID>99A7C3A3-DA7B-B7AB-4137-F4D4AEA6F4C5</referredKeyID>
<mandatory>true</mandatory>
<refColNames>id_cli</refColNames>
<transferable>true</transferable>
<rely>false</rely>
<columnDependencyConstraintGenerateInDDL>true</columnDependencyConstraintGenerateInDDL>
</FKIndexAssociation>