<?xml version = '1.0' encoding = 'UTF-8'?>
<Table class="oracle.dbtools.crest.model.design.relational.Table" directorySegmentName="seg_0" id="04610A5B-5A5A-9261-B377-86DAE35A66A3" name="MEDICAMENTO">
<createdBy>LENOVO</createdBy>
<createdTime>2025-04-05 21:41:52 UTC</createdTime>
<generatorID>132211D3-9F90-52AC-B157-36568F311FC0</generatorID>
<ownerDesignName>farmacia</ownerDesignName>
<allowColumnReorder>false</allowColumnReorder>
<existDependencyGenerateInDDl>true</existDependencyGenerateInDDl>
<parsed>true</parsed>
<columns itemClass="oracle.dbtools.crest.model.design.relational.Column">
<Column name="id_med" id="A75EF6A4-F849-DE99-803A-D50798E4FFC0">
<createdBy>LENOVO</createdBy>
<createdTime>2025-04-05 21:41:52 UTC</createdTime>
<generatorID>F8B336F1-7AAF-A6C8-8541-1853BDB046AC</generatorID>
<ownerDesignName>farmacia</ownerDesignName>
<useDomainConstraints>false</useDomainConstraints>
<use>1</use>
<logicalDatatype>LOGDT011</logicalDatatype>
<ownDataTypeParameters>,,</ownDataTypeParameters>
<autoIncrementCycle>false</autoIncrementCycle>
</Column>
<Column name="nombre_med" id="1911D77B-E5E8-97DA-6D69-9FC8905FFF2E">
<createdBy>LENOVO</createdBy>
<createdTime>2025-04-05 21:41:52 UTC</createdTime>
<generatorID>057DA0B1-AE78-50BF-3AFF-9B506C918CE2</generatorID>
<ownerDesignName>farmacia</ownerDesignName>
<useDomainConstraints>false</useDomainConstraints>
<use>1</use>
<logicalDatatype>LOGDT024</logicalDatatype>
<dataTypeSize>50 CHAR</dataTypeSize>
<ownDataTypeParameters>50 CHAR,,</ownDataTypeParameters>
<autoIncrementCycle>false</autoIncrementCycle>
</Column>
<Column name="precio_med" id="556793C9-7DD1-E1F3-1314-A945DA7CD6AB">
<createdBy>LENOVO</createdBy>
<createdTime>2025-04-05 21:41:52 UTC</createdTime>
<generatorID>5893609A-58E9-F184-1A08-424FF40B8BE1</generatorID>
<ownerDesignName>farmacia</ownerDesignName>
<useDomainConstraints>false</useDomainConstraints>
<use>1</use>
<logicalDatatype>LOGDT026</logicalDatatype>
<dataTypePrecision>10</dataTypePrecision>
<dataTypeScale>2</dataTypeScale>
<ownDataTypeParameters>,10,2</ownDataTypeParameters>
<autoIncrementCycle>false</autoIncrementCycle>
</Column>
<Column name="LABORATORIO_id_lab" id="62670201-E87C-29E7-6496-D51358E17793">
<createdBy>LENOVO</createdBy>
<createdTime>2025-04-05 21:41:52 UTC</createdTime>
<generatorID>86F8C66F-F6BF-AF59-FA01-8F38786266DB</generatorID>
<ownerDesignName>farmacia</ownerDesignName>
<useDomainConstraints>false</useDomainConstraints>
<use>1</use>
<logicalDatatype>LOGDT011</logicalDatatype>
<ownDataTypeParameters>,,</ownDataTypeParameters>
<previousColumn>false</previousColumn>
<autoIncrementCycle>false</autoIncrementCycle>
<associations>
<colAssociation fkAssociation="6E6344BE-2660-F41F-BF73-3E2BA8FD7342" referredColumn="0B995A2E-1381-0653-E585-5FC8B040F2E0"/>
</associations>
</Column>
<Column name="unidad_med" id="CBC888E9-6518-C0B3-E3EE-34425872E76F">
<createdBy>LENOVO</createdBy>
<createdTime>2025-04-05 21:41:52 UTC</createdTime>
<generatorID>2CEDFAC9-CFF8-A7DA-F373-1C34BDAD0A2F</generatorID>
<ownerDesignName>farmacia</ownerDesignName>
<useDomainConstraints>false</useDomainConstraints>
<use>1</use>
<logicalDatatype>LOGDT024</logicalDatatype>
<dataTypeSize>50 CHAR</dataTypeSize>
<ownDataTypeParameters>50 CHAR,,</ownDataTypeParameters>
<autoIncrementCycle>false</autoIncrementCycle>
</Column>
<Column name="presentacion_med" id="5E08CBE7-0C86-4C90-8F3B-AD556A588A9D">
<createdBy>LENOVO</createdBy>
<createdTime>2025-04-05 21:41:52 UTC</createdTime>
<generatorID>244A0701-156C-4E1B-0754-95773C2C7AED</generatorID>
<ownerDesignName>farmacia</ownerDesignName>
<useDomainConstraints>false</useDomainConstraints>
<use>1</use>
<logicalDatatype>LOGDT024</logicalDatatype>
<dataTypeSize>50 CHAR</dataTypeSize>
<ownDataTypeParameters>50 CHAR,,</ownDataTypeParameters>
<autoIncrementCycle>false</autoIncrementCycle>
</Column>
</columns>
<indexes itemClass="oracle.dbtools.crest.model.design.relational.Index">
<ind_PK_UK id="003FAF3A-89CA-B1AE-41DB-3B10BC1504B0" name="MEDICAMENTO_PK">
<createdBy>LENOVO</createdBy>
<createdTime>2025-04-05 21:41:52 UTC</createdTime>
<generatorID>B8287462-D19F-442B-C0D0-177901D2DA3A</generatorID>
<ownerDesignName>farmacia</ownerDesignName>
<pk>true</pk>
<indexState>Primary Constraint</indexState>
<isSurrogateKey>false</isSurrogateKey>
<indexColumnUsage>
<colUsage columnID="A75EF6A4-F849-DE99-803A-D50798E4FFC0"/>
</indexColumnUsage>
</ind_PK_UK>
<ind_PK_UK id="F12C3AB4-D28F-6CEE-A8AA-535AFD8EB8CF" name="MEDICAMENTO_LABORATORIO_FK">
<createdBy>LENOVO</createdBy>
<createdTime>2025-04-05 21:41:52 UTC</createdTime>
<generatorID>4F45118B-1B71-B8CA-263F-2434A03E4AA5</generatorID>
<ownerDesignName>farmacia</ownerDesignName>
<indexState>Foreign Key</indexState>
<isSurrogateKey>false</isSurrogateKey>
<indexColumnUsage>
<colUsage columnID="62670201-E87C-29E7-6496-D51358E17793"/>
</indexColumnUsage>
</ind_PK_UK>
</indexes>
</Table>