<?xml version = '1.0' encoding = 'UTF-8'?>
<Table class="oracle.dbtools.crest.model.design.relational.Table" directorySegmentName="seg_0" id="411E9D5F-2C11-629E-1B9A-5E804C003BF9" name="EMPLEADO">
<createdBy>LENOVO</createdBy>
<createdTime>2025-04-05 21:41:52 UTC</createdTime>
<generatorID>9548254F-7FBE-71F7-C79A-EDFAC710FBE7</generatorID>
<ownerDesignName>farmacia</ownerDesignName>
<allowColumnReorder>false</allowColumnReorder>
<existDependencyGenerateInDDl>true</existDependencyGenerateInDDl>
<parsed>true</parsed>
<columns itemClass="oracle.dbtools.crest.model.design.relational.Column">
<Column name="id_emp" id="E2FA731F-1930-CDA2-397A-2FD4E914CD28">
<createdBy>LENOVO</createdBy>
<createdTime>2025-04-05 21:41:52 UTC</createdTime>
<generatorID>BCFD3805-20BB-C775-3E85-62C2CF2FA6CF</generatorID>
<ownerDesignName>farmacia</ownerDesignName>
<useDomainConstraints>false</useDomainConstraints>
<use>1</use>
<logicalDatatype>LOGDT011</logicalDatatype>
<ownDataTypeParameters>,,</ownDataTypeParameters>
<autoIncrementCycle>false</autoIncrementCycle>
</Column>
<Column name="nombre_emp" id="8D25BBDD-13DC-F1C1-5C21-56F96692D274">
<createdBy>LENOVO</createdBy>
<createdTime>2025-04-05 21:41:52 UTC</createdTime>
<generatorID>9CED1AFC-718E-E62D-1D2B-4AB8CDF781C6</generatorID>
<ownerDesignName>farmacia</ownerDesignName>
<useDomainConstraints>false</useDomainConstraints>
<use>1</use>
<logicalDatatype>LOGDT024</logicalDatatype>
<dataTypeSize>25 CHAR</dataTypeSize>
<ownDataTypeParameters>25 CHAR,,</ownDataTypeParameters>
<autoIncrementCycle>false</autoIncrementCycle>
</Column>
<Column name="CARGO_id_car" id="00697222-9010-D4F8-AC7C-CE490AE8FD9E">
<createdBy>LENOVO</createdBy>
<createdTime>2025-04-05 21:41:52 UTC</createdTime>
<generatorID>6DDAEA74-F958-29D3-665B-47BFE8CA7E1E</generatorID>
<ownerDesignName>farmacia</ownerDesignName>
<useDomainConstraints>false</useDomainConstraints>
<use>1</use>
<logicalDatatype>LOGDT011</logicalDatatype>
<ownDataTypeParameters>,,</ownDataTypeParameters>
<previousColumn>false</previousColumn>
<autoIncrementCycle>false</autoIncrementCycle>
<associations>
<colAssociation fkAssociation="24DE1318-081A-08F5-2202-F6F218D0BFC4" referredColumn="A6E55001-EE1B-FD70-163C-86EEEC94B53A"/>
</associations>
</Column>
<Column name="COMPROBANTE_id_com" id="2AA5BB33-BCBD-073A-C399-F23179CDC8FA">
<createdBy>LENOVO</createdBy>
<createdTime>2025-04-05 21:41:52 UTC</createdTime>
<generatorID>0B9F5708-5497-6F57-62D3-4E02F1313B43</generatorID>
<ownerDesignName>farmacia</ownerDesignName>
<useDomainConstraints>false</useDomainConstraints>
<use>1</use>
<logicalDatatype>LOGDT011</logicalDatatype>
<ownDataTypeParameters>,,</ownDataTypeParameters>
<previousColumn>false</previousColumn>
<autoIncrementCycle>false</autoIncrementCycle>
<associations>
<colAssociation fkAssociation="AC30EF9F-FF27-849D-06E4-3C3E69DD213A" referredColumn="FCB5A103-D631-4CE0-330F-BA994A01F2D4"/>
</associations>
</Column>
</columns>
<indexes itemClass="oracle.dbtools.crest.model.design.relational.Index">
<ind_PK_UK id="E6B5A0DB-5BCD-9820-9BCF-04C392EC0B96" name="EMPLEADO_PK">
<createdBy>LENOVO</createdBy>
<createdTime>2025-04-05 21:41:52 UTC</createdTime>
<generatorID>350684E4-8E69-E588-3103-67571F20F169</generatorID>
<ownerDesignName>farmacia</ownerDesignName>
<pk>true</pk>
<indexState>Primary Constraint</indexState>
<isSurrogateKey>false</isSurrogateKey>
<indexColumnUsage>
<colUsage columnID="E2FA731F-1930-CDA2-397A-2FD4E914CD28"/>
</indexColumnUsage>
</ind_PK_UK>
<ind_PK_UK id="FF33376F-5E3F-E3B4-B3EC-36B4F4A67EE2" name="EMPLEADO_CARGO_FK">
<createdBy>LENOVO</createdBy>
<createdTime>2025-04-05 21:41:52 UTC</createdTime>
<generatorID>3B99022E-883F-2593-5940-B37F4942776C</generatorID>
<ownerDesignName>farmacia</ownerDesignName>
<indexState>Foreign Key</indexState>
<isSurrogateKey>false</isSurrogateKey>
<indexColumnUsage>
<colUsage columnID="00697222-9010-D4F8-AC7C-CE490AE8FD9E"/>
</indexColumnUsage>
</ind_PK_UK>
<ind_PK_UK id="4870AA6D-44E5-FAA7-0141-D71E2EFC9E85" name="EMPLEADO_COMPROBANTE_FK">
<createdBy>LENOVO</createdBy>
<createdTime>2025-04-05 21:41:52 UTC</createdTime>
<generatorID>2DD634BD-EB19-3AD1-45AF-37A28B599E44</generatorID>
<ownerDesignName>farmacia</ownerDesignName>
<indexState>Foreign Key</indexState>
<isSurrogateKey>false</isSurrogateKey>
<indexColumnUsage>
<colUsage columnID="2AA5BB33-BCBD-073A-C399-F23179CDC8FA"/>
</indexColumnUsage>
</ind_PK_UK>
</indexes>
</Table>