<?xml version = '1.0' encoding = 'UTF-8'?>
<Table class="oracle.dbtools.crest.model.design.relational.Table" directorySegmentName="seg_0" id="4801A5CB-1F19-FDFE-151B-E65214F2356D" name="CARGO">
<createdBy>LENOVO</createdBy>
<createdTime>2025-04-05 21:41:52 UTC</createdTime>
<generatorID>EA6D6774-D5AE-37AE-1230-6697672F37C2</generatorID>
<ownerDesignName>farmacia</ownerDesignName>
<allowColumnReorder>false</allowColumnReorder>
<existDependencyGenerateInDDl>true</existDependencyGenerateInDDl>
<parsed>true</parsed>
<columns itemClass="oracle.dbtools.crest.model.design.relational.Column">
<Column name="id_car" id="A6E55001-EE1B-FD70-163C-86EEEC94B53A">
<createdBy>LENOVO</createdBy>
<createdTime>2025-04-05 21:41:52 UTC</createdTime>
<generatorID>D006862C-4920-4CB5-91F9-C9A50C0045B4</generatorID>
<ownerDesignName>farmacia</ownerDesignName>
<useDomainConstraints>false</useDomainConstraints>
<use>1</use>
<logicalDatatype>LOGDT011</logicalDatatype>
<ownDataTypeParameters>,,</ownDataTypeParameters>
<autoIncrementCycle>false</autoIncrementCycle>
</Column>
<Column name="cargo_car" id="6EF7DB07-FB7F-3173-2F21-7C389E569BA6">
<createdBy>LENOVO</createdBy>
<createdTime>2025-04-05 21:41:52 UTC</createdTime>
<generatorID>D2CB9CF8-8549-92D8-CC6C-1D8D17C775EA</generatorID>
<ownerDesignName>farmacia</ownerDesignName>
<useDomainConstraints>false</useDomainConstraints>
<use>1</use>
<logicalDatatype>LOGDT024</logicalDatatype>
<dataTypeSize>30 CHAR</dataTypeSize>
<ownDataTypeParameters>30 CHAR,,</ownDataTypeParameters>
<autoIncrementCycle>false</autoIncrementCycle>
</Column>
</columns>
<indexes itemClass="oracle.dbtools.crest.model.design.relational.Index">
<ind_PK_UK id="2AD28354-6A02-B336-3C53-DB172F81E0D4" name="CARGO_PK">
<createdBy>LENOVO</createdBy>
<createdTime>2025-04-05 21:41:52 UTC</createdTime>
<generatorID>7EE786A3-553A-8322-FCEA-B3E58E5EEB07</generatorID>
<ownerDesignName>farmacia</ownerDesignName>
<pk>true</pk>
<indexState>Primary Constraint</indexState>
<isSurrogateKey>false</isSurrogateKey>
<indexColumnUsage>
<colUsage columnID="A6E55001-EE1B-FD70-163C-86EEEC94B53A"/>
</indexColumnUsage>
</ind_PK_UK>
</indexes>
</Table>