<?xml version = '1.0' encoding = 'UTF-8'?>
<Table class="oracle.dbtools.crest.model.design.relational.Table" directorySegmentName="seg_0" id="5F481D4B-087E-112C-717C-14C9427A1D11" name="CLIENTE">
<createdBy>LENOVO</createdBy>
<createdTime>2025-04-05 21:41:52 UTC</createdTime>
<generatorID>05419BA3-C901-B2F6-B9F3-3E12182EE6F7</generatorID>
<ownerDesignName>farmacia</ownerDesignName>
<allowColumnReorder>false</allowColumnReorder>
<existDependencyGenerateInDDl>true</existDependencyGenerateInDDl>
<parsed>true</parsed>
<columns itemClass="oracle.dbtools.crest.model.design.relational.Column">
<Column name="id_cli" id="3359B37A-19B1-074C-CEF9-6FB74D4C5D17">
<createdBy>LENOVO</createdBy>
<createdTime>2025-04-05 21:41:52 UTC</createdTime>
<generatorID>A5179D93-E422-E83A-07A1-25A9F84A7BDA</generatorID>
<ownerDesignName>farmacia</ownerDesignName>
<useDomainConstraints>false</useDomainConstraints>
<use>1</use>
<logicalDatatype>LOGDT011</logicalDatatype>
<ownDataTypeParameters>,,</ownDataTypeParameters>
<autoIncrementCycle>false</autoIncrementCycle>
</Column>
<Column name="dni_cli" id="C147ABC2-07C3-9E65-09B7-12940D9F34A3">
<createdBy>LENOVO</createdBy>
<createdTime>2025-04-05 21:41:52 UTC</createdTime>
<generatorID>E79F05C7-71DA-534F-E50D-B86E53CCB67A</generatorID>
<ownerDesignName>farmacia</ownerDesignName>
<useDomainConstraints>false</useDomainConstraints>
<use>1</use>
<logicalDatatype>LOGDT025</logicalDatatype>
<dataTypeSize>8 CHAR</dataTypeSize>
<ownDataTypeParameters>8 CHAR,,</ownDataTypeParameters>
<autoIncrementCycle>false</autoIncrementCycle>
</Column>
<Column name="nombre_cli" id="2CD45D47-4A1D-97C5-7D8B-FC161B101695">
<createdBy>LENOVO</createdBy>
<createdTime>2025-04-05 21:41:52 UTC</createdTime>
<generatorID>FF07EDB6-E459-F900-B911-D77AE6E7C040</generatorID>
<ownerDesignName>farmacia</ownerDesignName>
<useDomainConstraints>false</useDomainConstraints>
<use>1</use>
<logicalDatatype>LOGDT024</logicalDatatype>
<dataTypeSize>25 CHAR</dataTypeSize>
<ownDataTypeParameters>25 CHAR,,</ownDataTypeParameters>
<autoIncrementCycle>false</autoIncrementCycle>
</Column>
<Column name="direccion_cli" id="93666531-D949-CD94-E04D-07131CDE0797">
<createdBy>LENOVO</createdBy>
<createdTime>2025-04-05 21:41:52 UTC</createdTime>
<generatorID>F427D108-B9F1-C2A7-AB85-4CA985FCA819</generatorID>
<ownerDesignName>farmacia</ownerDesignName>
<useDomainConstraints>false</useDomainConstraints>
<use>1</use>
<logicalDatatype>LOGDT024</logicalDatatype>
<dataTypeSize>100 CHAR</dataTypeSize>
<ownDataTypeParameters>100 CHAR,,</ownDataTypeParameters>
<autoIncrementCycle>false</autoIncrementCycle>
</Column>
<Column name="DISTRITO_ID_dis" id="DBB03279-D300-8B79-D684-A70B4740982B">
<createdBy>LENOVO</createdBy>
<createdTime>2025-04-05 21:41:52 UTC</createdTime>
<generatorID>981B5124-6F21-C595-6F83-05FE42DC0683</generatorID>
<ownerDesignName>farmacia</ownerDesignName>
<useDomainConstraints>false</useDomainConstraints>
<use>1</use>
<logicalDatatype>LOGDT011</logicalDatatype>
<ownDataTypeParameters>,,</ownDataTypeParameters>
<previousColumn>false</previousColumn>
<autoIncrementCycle>false</autoIncrementCycle>
<associations>
<colAssociation fkAssociation="BE7885DE-2D7B-572D-BB49-4870B1E5781F" referredColumn="8FC0C804-944D-688A-A5C6-95D8972D99A7"/>
</associations>
</Column>
</columns>
<indexes itemClass="oracle.dbtools.crest.model.design.relational.Index">
<ind_PK_UK id="99A7C3A3-DA7B-B7AB-4137-F4D4AEA6F4C5" name="CLIENTE_PK">
<createdBy>LENOVO</createdBy>
<createdTime>2025-04-05 21:41:52 UTC</createdTime>
<generatorID>3F6F3013-CCE2-E947-AD72-774C2AD86258</generatorID>
<ownerDesignName>farmacia</ownerDesignName>
<pk>true</pk>
<indexState>Primary Constraint</indexState>
<isSurrogateKey>false</isSurrogateKey>
<indexColumnUsage>
<colUsage columnID="3359B37A-19B1-074C-CEF9-6FB74D4C5D17"/>
</indexColumnUsage>
</ind_PK_UK>
<ind_PK_UK id="78A403FF-2B44-1192-48B2-3B3B6619CB21" name="CLIENTE_DISTRITO_FK">
<createdBy>LENOVO</createdBy>
<createdTime>2025-04-05 21:41:52 UTC</createdTime>
<generatorID>629B2735-97F2-3E71-91D4-FB4058A50A32</generatorID>
<ownerDesignName>farmacia</ownerDesignName>
<indexState>Foreign Key</indexState>
<isSurrogateKey>false</isSurrogateKey>
<indexColumnUsage>
<colUsage columnID="DBB03279-D300-8B79-D684-A70B4740982B"/>
</indexColumnUsage>
</ind_PK_UK>
</indexes>
</Table>