<?xml version = '1.0' encoding = 'UTF-8'?>
<Table class="oracle.dbtools.crest.model.design.relational.Table" directorySegmentName="seg_0" id="674038F7-0ABC-F042-98CE-C5FC144A3612" name="FORMA_DE_PAGO">
<createdBy>LENOVO</createdBy>
<createdTime>2025-04-05 21:41:52 UTC</createdTime>
<generatorID>87C308C4-1D22-329E-A938-29359B82BC61</generatorID>
<ownerDesignName>farmacia</ownerDesignName>
<allowColumnReorder>false</allowColumnReorder>
<existDependencyGenerateInDDl>true</existDependencyGenerateInDDl>
<parsed>true</parsed>
<columns itemClass="oracle.dbtools.crest.model.design.relational.Column">
<Column name="id_pag" id="C8CDEB28-F9F9-1830-11F3-340479619670">
<createdBy>LENOVO</createdBy>
<createdTime>2025-04-05 21:41:52 UTC</createdTime>
<generatorID>10987400-E2E0-A58A-A013-AD4EEB7AA88B</generatorID>
<ownerDesignName>farmacia</ownerDesignName>
<useDomainConstraints>false</useDomainConstraints>
<use>1</use>
<logicalDatatype>LOGDT011</logicalDatatype>
<ownDataTypeParameters>,,</ownDataTypeParameters>
<autoIncrementCycle>false</autoIncrementCycle>
</Column>
<Column name="tipo_pag" id="2731F1E0-12DC-A33F-9B5D-E6C30752E06C">
<createdBy>LENOVO</createdBy>
<createdTime>2025-04-05 21:41:52 UTC</createdTime>
<generatorID>1668AF67-8ED8-952A-D775-EC53D9391610</generatorID>
<ownerDesignName>farmacia</ownerDesignName>
<useDomainConstraints>false</useDomainConstraints>
<use>1</use>
<logicalDatatype>LOGDT024</logicalDatatype>
<dataTypeSize>50 CHAR</dataTypeSize>
<ownDataTypeParameters>50 CHAR,,</ownDataTypeParameters>
<autoIncrementCycle>false</autoIncrementCycle>
</Column>
<Column name="COMPROBANTE_id_com" id="8C9F0BA4-BF65-8D56-F79C-5C356B394086">
<createdBy>LENOVO</createdBy>
<createdTime>2025-04-05 21:41:52 UTC</createdTime>
<generatorID>727A3262-4A6D-3566-09E8-2840535CFE5A</generatorID>
<ownerDesignName>farmacia</ownerDesignName>
<useDomainConstraints>false</useDomainConstraints>
<use>1</use>
<logicalDatatype>LOGDT011</logicalDatatype>
<ownDataTypeParameters>,,</ownDataTypeParameters>
<previousColumn>false</previousColumn>
<autoIncrementCycle>false</autoIncrementCycle>
<associations>
<colAssociation fkAssociation="0D8FB31A-D140-A47D-998E-8AD57343BEA7" referredColumn="FCB5A103-D631-4CE0-330F-BA994A01F2D4"/>
</associations>
</Column>
</columns>
<indexes itemClass="oracle.dbtools.crest.model.design.relational.Index">
<ind_PK_UK id="A484E931-9DD0-ABD5-2CBB-DBEF7838F787" name="FORMA_DE_PAGO_PK">
<createdBy>LENOVO</createdBy>
<createdTime>2025-04-05 21:41:52 UTC</createdTime>
<generatorID>8E963991-4F1E-776E-C2B9-9780D76A0E63</generatorID>
<ownerDesignName>farmacia</ownerDesignName>
<pk>true</pk>
<indexState>Primary Constraint</indexState>
<isSurrogateKey>false</isSurrogateKey>
<indexColumnUsage>
<colUsage columnID="C8CDEB28-F9F9-1830-11F3-340479619670"/>
</indexColumnUsage>
</ind_PK_UK>
<ind_PK_UK id="C99AEB2F-CF0A-3800-C19F-7C34F3062A4C" name="FORMA_DE_PAGO_COMPROBANTE_FK">
<createdBy>LENOVO</createdBy>
<createdTime>2025-04-05 21:41:52 UTC</createdTime>
<generatorID>BE310242-203D-9043-DCFF-243B6703239D</generatorID>
<ownerDesignName>farmacia</ownerDesignName>
<indexState>Foreign Key</indexState>
<isSurrogateKey>false</isSurrogateKey>
<indexColumnUsage>
<colUsage columnID="8C9F0BA4-BF65-8D56-F79C-5C356B394086"/>
</indexColumnUsage>
</ind_PK_UK>
</indexes>
</Table>