<?xml version = '1.0' encoding = 'UTF-8'?>
<Table class="oracle.dbtools.crest.model.design.relational.Table" directorySegmentName="seg_0" id="EB528D6F-C4DB-7556-E676-7B6E2B475A44" name="Relation_7">
<createdBy>LENOVO</createdBy>
<createdTime>2025-04-05 21:41:52 UTC</createdTime>
<ownerDesignName>farmacia</ownerDesignName>
<allowColumnReorder>false</allowColumnReorder>
<existDependencyGenerateInDDl>true</existDependencyGenerateInDDl>
<parsed>true</parsed>
<columns itemClass="oracle.dbtools.crest.model.design.relational.Column">
<Column name="COMPROBANTE_id_com" id="1D435633-6E0D-9DC5-98F6-9413E0337E6E">
<createdBy>LENOVO</createdBy>
<createdTime>2025-04-05 21:41:52 UTC</createdTime>
<ownerDesignName>farmacia</ownerDesignName>
<useDomainConstraints>false</useDomainConstraints>
<use>1</use>
<logicalDatatype>LOGDT011</logicalDatatype>
<ownDataTypeParameters>,,</ownDataTypeParameters>
<previousColumn>false</previousColumn>
<autoIncrementCycle>false</autoIncrementCycle>
<associations>
<colAssociation fkAssociation="52FC440D-F671-8193-66B2-86BEAF0F1B6A" referredColumn="FCB5A103-D631-4CE0-330F-BA994A01F2D4"/>
</associations>
</Column>
<Column name="MEDICAMENTO_id_med" id="4FE324E4-3700-D5BB-0CD4-BB30BB99A4F8">
<createdBy>LENOVO</createdBy>
<createdTime>2025-04-05 21:41:52 UTC</createdTime>
<ownerDesignName>farmacia</ownerDesignName>
<useDomainConstraints>false</useDomainConstraints>
<use>1</use>
<logicalDatatype>LOGDT011</logicalDatatype>
<ownDataTypeParameters>,,</ownDataTypeParameters>
<previousColumn>false</previousColumn>
<autoIncrementCycle>false</autoIncrementCycle>
<associations>
<colAssociation fkAssociation="4606AF43-059D-46B0-147F-1130D60C80E6" referredColumn="A75EF6A4-F849-DE99-803A-D50798E4FFC0"/>
</associations>
</Column>
</columns>
<indexes itemClass="oracle.dbtools.crest.model.design.relational.Index">
<ind_PK_UK id="8B959BA0-C535-1C5D-ACB7-9000D614A934" name="Relation_7_PK">
<createdBy>LENOVO</createdBy>
<createdTime>2025-04-05 21:41:52 UTC</createdTime>
<ownerDesignName>farmacia</ownerDesignName>
<pk>true</pk>
<indexState>Primary Constraint</indexState>
<isSurrogateKey>false</isSurrogateKey>
<indexColumnUsage>
<colUsage columnID="1D435633-6E0D-9DC5-98F6-9413E0337E6E"/>
<colUsage columnID="4FE324E4-3700-D5BB-0CD4-BB30BB99A4F8"/>
</indexColumnUsage>
</ind_PK_UK>
<ind_PK_UK id="67F67C22-1FE5-A6A1-AA60-6CA283D98A83" name="Relation_7_COMPROBANTE_FK">
<createdBy>LENOVO</createdBy>
<createdTime>2025-04-05 21:41:52 UTC</createdTime>
<generatorID>6AEF3553-D473-9691-5943-5D67384E9E70</generatorID>
<ownerDesignName>farmacia</ownerDesignName>
<indexState>Foreign Key</indexState>
<isSurrogateKey>false</isSurrogateKey>
<indexColumnUsage>
<colUsage columnID="1D435633-6E0D-9DC5-98F6-9413E0337E6E"/>
</indexColumnUsage>
</ind_PK_UK>
<ind_PK_UK id="18537535-7648-34E8-39D1-946D9D6F766E" name="Relation_7_MEDICAMENTO_FK">
<createdBy>LENOVO</createdBy>
<createdTime>2025-04-05 21:41:52 UTC</createdTime>
<generatorID>6AEF3553-D473-9691-5943-5D67384E9E70</generatorID>
<ownerDesignName>farmacia</ownerDesignName>
<indexState>Foreign Key</indexState>
<isSurrogateKey>false</isSurrogateKey>
<indexColumnUsage>
<colUsage columnID="4FE324E4-3700-D5BB-0CD4-BB30BB99A4F8"/>
</indexColumnUsage>
</ind_PK_UK>
</indexes>
</Table>