<?xml version = '1.0' encoding = 'UTF-8'?>
<Table class="oracle.dbtools.crest.model.design.relational.Table" directorySegmentName="seg_0" id="ED3416AB-FB34-87DE-22FC-97CBD964AA64" name="RECLAMO">
<createdBy>LENOVO</createdBy>
<createdTime>2025-04-05 21:41:52 UTC</createdTime>
<generatorID>6FD2A014-0F4B-2C5C-DF13-3701D4920FEB</generatorID>
<ownerDesignName>farmacia</ownerDesignName>
<allowColumnReorder>false</allowColumnReorder>
<existDependencyGenerateInDDl>true</existDependencyGenerateInDDl>
<parsed>true</parsed>
<columns itemClass="oracle.dbtools.crest.model.design.relational.Column">
<Column name="id_rec" id="D10D6F0A-96A3-4739-C6C7-B3FF0AE90240">
<createdBy>LENOVO</createdBy>
<createdTime>2025-04-05 21:41:52 UTC</createdTime>
<generatorID>1D7C7614-851E-80F1-AABF-40279DBBC69F</generatorID>
<ownerDesignName>farmacia</ownerDesignName>
<useDomainConstraints>false</useDomainConstraints>
<use>1</use>
<logicalDatatype>LOGDT011</logicalDatatype>
<ownDataTypeParameters>,,</ownDataTypeParameters>
<autoIncrementCycle>false</autoIncrementCycle>
</Column>
<Column name="descripcion_rec" id="72487ABB-D257-40E4-1B9E-0AA127B070F0">
<createdBy>LENOVO</createdBy>
<createdTime>2025-04-05 21:41:52 UTC</createdTime>
<generatorID>975D272E-7B03-E048-6BFA-69037111E48A</generatorID>
<ownerDesignName>farmacia</ownerDesignName>
<useDomainConstraints>false</useDomainConstraints>
<use>1</use>
<logicalDatatype>LOGDT040</logicalDatatype>
<ownDataTypeParameters>,,</ownDataTypeParameters>
<autoIncrementCycle>false</autoIncrementCycle>
</Column>
<Column name="fecha_rec" id="5309AAF7-8296-82B8-19F0-D166DAAD1FAE">
<createdBy>LENOVO</createdBy>
<createdTime>2025-04-05 21:41:52 UTC</createdTime>
<generatorID>9E005FFC-1A1E-677F-EF79-9323E6052F55</generatorID>
<ownerDesignName>farmacia</ownerDesignName>
<useDomainConstraints>false</useDomainConstraints>
<use>1</use>
<logicalDatatype>LOGDT007</logicalDatatype>
<ownDataTypeParameters>,,</ownDataTypeParameters>
<autoIncrementCycle>false</autoIncrementCycle>
</Column>
<Column name="estado_rec" id="C4CB0D70-473D-7DE7-4D62-A0AE72845E04">
<createdBy>LENOVO</createdBy>
<createdTime>2025-04-05 21:41:52 UTC</createdTime>
<generatorID>42E27CE7-3A9C-BF29-65C6-7ACEB2005CFA</generatorID>
<ownerDesignName>farmacia</ownerDesignName>
<useDomainConstraints>false</useDomainConstraints>
<use>1</use>
<logicalDatatype>LOGDT024</logicalDatatype>
<dataTypeSize>25 CHAR</dataTypeSize>
<ownDataTypeParameters>25 CHAR,,</ownDataTypeParameters>
<autoIncrementCycle>false</autoIncrementCycle>
</Column>
<Column name="CLIENTE_id_cli" id="A41EAB96-4BE3-0766-E6CC-6AC53B7C3442">
<createdBy>LENOVO</createdBy>
<createdTime>2025-04-05 21:41:52 UTC</createdTime>
<generatorID>0F3563C9-F289-9354-F08C-1240F3228FE4</generatorID>
<ownerDesignName>farmacia</ownerDesignName>
<useDomainConstraints>false</useDomainConstraints>
<use>1</use>
<logicalDatatype>LOGDT011</logicalDatatype>
<ownDataTypeParameters>,,</ownDataTypeParameters>
<previousColumn>false</previousColumn>
<autoIncrementCycle>false</autoIncrementCycle>
<associations>
<colAssociation fkAssociation="F3740F02-FC24-FCB7-D9C6-1065D318A590" referredColumn="3359B37A-19B1-074C-CEF9-6FB74D4C5D17"/>
</associations>
</Column>
</columns>
<indexes itemClass="oracle.dbtools.crest.model.design.relational.Index">
<ind_PK_UK id="2EC85A81-19C0-9D78-FCC9-DB769E589E85" name="RECLAMO_PK">
<createdBy>LENOVO</createdBy>
<createdTime>2025-04-05 21:41:52 UTC</createdTime>
<generatorID>D40A049D-3764-D953-1708-119A3C57C2A6</generatorID>
<ownerDesignName>farmacia</ownerDesignName>
<pk>true</pk>
<indexState>Primary Constraint</indexState>
<isSurrogateKey>false</isSurrogateKey>
<indexColumnUsage>
<colUsage columnID="D10D6F0A-96A3-4739-C6C7-B3FF0AE90240"/>
</indexColumnUsage>
</ind_PK_UK>
<ind_PK_UK id="09C6B87F-E1BD-6DA0-5043-2F85193C9082" name="RECLAMO_CLIENTE_FK">
<createdBy>LENOVO</createdBy>
<createdTime>2025-04-05 21:41:52 UTC</createdTime>
<generatorID>42DA9272-FCB5-43ED-BEDA-627459A44E4C</generatorID>
<ownerDesignName>farmacia</ownerDesignName>
<indexState>Foreign Key</indexState>
<isSurrogateKey>false</isSurrogateKey>
<indexColumnUsage>
<colUsage columnID="A41EAB96-4BE3-0766-E6CC-6AC53B7C3442"/>
</indexColumnUsage>
</ind_PK_UK>
</indexes>
</Table>