<?xml version = '1.0' encoding = 'UTF-8'?>
<Entity class="oracle.dbtools.crest.model.design.logical.Entity" directorySegmentName="seg_0" id="05419BA3-C901-B2F6-B9F3-3E12182EE6F7" name="CLIENTE">
<createdBy>LENOVO</createdBy>
<createdTime>2025-04-05 19:35:07 UTC</createdTime>
<ownerDesignName>farmacia</ownerDesignName>
<engineerTo>
<item key="BEB094EE-F359-8CC2-4EF5-BA5CE4A6EFEA" value="true"/>
</engineerTo>
<adequatelyNormalized>NO</adequatelyNormalized>
<expectedVolumes>0</expectedVolumes>
<fwdEngineeringStrategyName>Single Table</fwdEngineeringStrategyName>
<growthPercent>0</growthPercent>
<growthType>Year</growthType>
<maxVolumes>9999999</maxVolumes>
<minVolumes>0</minVolumes>
<normalForm>Third</normalForm>
<attributes itemClass="oracle.dbtools.crest.model.design.logical.Attribute">
<Attribute name="id_cli" id="A5179D93-E422-E83A-07A1-25A9F84A7BDA">
<createdBy>LENOVO</createdBy>
<createdTime>2025-04-05 19:35:19 UTC</createdTime>
<ownerDesignName>farmacia</ownerDesignName>
<engineerTo>
<item key="BEB094EE-F359-8CC2-4EF5-BA5CE4A6EFEA" value="true"/>
</engineerTo>
<useDomainConstraints>false</useDomainConstraints>
<use>1</use>
<logicalDatatype>LOGDT011</logicalDatatype>
<ownDataTypeParameters>,,</ownDataTypeParameters>
</Attribute>
<Attribute name="dni_cli" id="E79F05C7-71DA-534F-E50D-B86E53CCB67A">
<createdBy>LENOVO</createdBy>
<createdTime>2025-04-05 19:35:48 UTC</createdTime>
<ownerDesignName>farmacia</ownerDesignName>
<engineerTo>
<item key="BEB094EE-F359-8CC2-4EF5-BA5CE4A6EFEA" value="true"/>
</engineerTo>
<useDomainConstraints>false</useDomainConstraints>
<use>1</use>
<logicalDatatype>LOGDT025</logicalDatatype>
<dataTypeSize>8 CHAR</dataTypeSize>
<ownDataTypeParameters>8 CHAR,,</ownDataTypeParameters>
</Attribute>
<Attribute name="nombre_cli" id="FF07EDB6-E459-F900-B911-D77AE6E7C040">
<createdBy>LENOVO</createdBy>
<createdTime>2025-04-05 19:38:49 UTC</createdTime>
<ownerDesignName>farmacia</ownerDesignName>
<engineerTo>
<item key="BEB094EE-F359-8CC2-4EF5-BA5CE4A6EFEA" value="true"/>
</engineerTo>
<useDomainConstraints>false</useDomainConstraints>
<use>1</use>
<logicalDatatype>LOGDT024</logicalDatatype>
<dataTypeSize>25 CHAR</dataTypeSize>
<ownDataTypeParameters>25 CHAR,,</ownDataTypeParameters>
</Attribute>
<Attribute name="direccion_cli" id="F427D108-B9F1-C2A7-AB85-4CA985FCA819">
<createdBy>LENOVO</createdBy>
<createdTime>2025-04-05 19:39:40 UTC</createdTime>
<ownerDesignName>farmacia</ownerDesignName>
<engineerTo>
<item key="BEB094EE-F359-8CC2-4EF5-BA5CE4A6EFEA" value="true"/>
</engineerTo>
<useDomainConstraints>false</useDomainConstraints>
<use>1</use>
<logicalDatatype>LOGDT024</logicalDatatype>
<dataTypeSize>100 CHAR</dataTypeSize>
<ownDataTypeParameters>100 CHAR,,</ownDataTypeParameters>
</Attribute>
<Attribute name="ID_dis" id="981B5124-6F21-C595-6F83-05FE42DC0683">
<createdBy>LENOVO</createdBy>
<createdTime>2025-04-05 21:24:41 UTC</createdTime>
<generatorID>629B2735-97F2-3E71-91D4-FB4058A50A32</generatorID>
<ownerDesignName>farmacia</ownerDesignName>
<engineerTo>
<item key="BEB094EE-F359-8CC2-4EF5-BA5CE4A6EFEA" value="true"/>
</engineerTo>
<referedAttribute>DA5526C9-C4F1-FC23-5878-11A43DC91E75</referedAttribute>
<useDomainConstraints>false</useDomainConstraints>
<use>1</use>
<logicalDatatype>LOGDT011</logicalDatatype>
<ownDataTypeParameters>,,</ownDataTypeParameters>
</Attribute>
</attributes>
<identifiers itemClass="oracle.dbtools.crest.model.design.logical.CandidateKey">
<identifier id="3F6F3013-CCE2-E947-AD72-774C2AD86258" name="CLIENTE PK">
<createdBy>LENOVO</createdBy>
<createdTime>2025-04-05 19:35:45 UTC</createdTime>
<ownerDesignName>farmacia</ownerDesignName>
<shouldEngineer>false</shouldEngineer>
<engineerTo>
<item key="BEB094EE-F359-8CC2-4EF5-BA5CE4A6EFEA" value="false"/>
</engineerTo>
<pk>true</pk>
<usedAttributes>
<attributeRef>A5179D93-E422-E83A-07A1-25A9F84A7BDA</attributeRef>
</usedAttributes>
</identifier>
</identifiers>
</Entity>