<?xml version = '1.0' encoding = 'UTF-8'?>
<Entity class="oracle.dbtools.crest.model.design.logical.Entity" directorySegmentName="seg_0" id="6FD2A014-0F4B-2C5C-DF13-3701D4920FEB" name="RECLAMO">
<createdBy>LENOVO</createdBy>
<createdTime>2025-04-05 20:10:43 UTC</createdTime>
<ownerDesignName>farmacia</ownerDesignName>
<engineerTo>
<item key="BEB094EE-F359-8CC2-4EF5-BA5CE4A6EFEA" value="true"/>
</engineerTo>
<adequatelyNormalized>NO</adequatelyNormalized>
<expectedVolumes>0</expectedVolumes>
<fwdEngineeringStrategyName>Single Table</fwdEngineeringStrategyName>
<growthPercent>0</growthPercent>
<growthType>Year</growthType>
<maxVolumes>9999999</maxVolumes>
<minVolumes>0</minVolumes>
<normalForm>Third</normalForm>
<attributes itemClass="oracle.dbtools.crest.model.design.logical.Attribute">
<Attribute name="id_rec" id="1D7C7614-851E-80F1-AABF-40279DBBC69F">
<createdBy>LENOVO</createdBy>
<createdTime>2025-04-05 20:11:01 UTC</createdTime>
<ownerDesignName>farmacia</ownerDesignName>
<engineerTo>
<item key="BEB094EE-F359-8CC2-4EF5-BA5CE4A6EFEA" value="true"/>
</engineerTo>
<useDomainConstraints>false</useDomainConstraints>
<use>1</use>
<logicalDatatype>LOGDT011</logicalDatatype>
<ownDataTypeParameters>,,</ownDataTypeParameters>
</Attribute>
<Attribute name="descripcion_rec" id="975D272E-7B03-E048-6BFA-69037111E48A">
<createdBy>LENOVO</createdBy>
<createdTime>2025-04-05 20:11:21 UTC</createdTime>
<ownerDesignName>farmacia</ownerDesignName>
<engineerTo>
<item key="BEB094EE-F359-8CC2-4EF5-BA5CE4A6EFEA" value="true"/>
</engineerTo>
<useDomainConstraints>false</useDomainConstraints>
<use>1</use>
<logicalDatatype>LOGDT040</logicalDatatype>
<ownDataTypeParameters>,,</ownDataTypeParameters>
</Attribute>
<Attribute name="fecha_rec" id="9E005FFC-1A1E-677F-EF79-9323E6052F55">
<createdBy>LENOVO</createdBy>
<createdTime>2025-04-05 20:12:04 UTC</createdTime>
<ownerDesignName>farmacia</ownerDesignName>
<engineerTo>
<item key="BEB094EE-F359-8CC2-4EF5-BA5CE4A6EFEA" value="true"/>
</engineerTo>
<useDomainConstraints>false</useDomainConstraints>
<use>1</use>
<logicalDatatype>LOGDT007</logicalDatatype>
<ownDataTypeParameters>,,</ownDataTypeParameters>
</Attribute>
<Attribute name="estado_rec" id="42E27CE7-3A9C-BF29-65C6-7ACEB2005CFA">
<createdBy>LENOVO</createdBy>
<createdTime>2025-04-05 20:12:38 UTC</createdTime>
<ownerDesignName>farmacia</ownerDesignName>
<engineerTo>
<item key="BEB094EE-F359-8CC2-4EF5-BA5CE4A6EFEA" value="true"/>
</engineerTo>
<useDomainConstraints>false</useDomainConstraints>
<use>1</use>
<logicalDatatype>LOGDT024</logicalDatatype>
<dataTypeSize>25 CHAR</dataTypeSize>
<ownDataTypeParameters>25 CHAR,,</ownDataTypeParameters>
</Attribute>
<Attribute name="id_cli" id="0F3563C9-F289-9354-F08C-1240F3228FE4">
<createdBy>LENOVO</createdBy>
<createdTime>2025-04-05 21:30:31 UTC</createdTime>
<generatorID>42DA9272-FCB5-43ED-BEDA-627459A44E4C</generatorID>
<ownerDesignName>farmacia</ownerDesignName>
<engineerTo>
<item key="BEB094EE-F359-8CC2-4EF5-BA5CE4A6EFEA" value="true"/>
</engineerTo>
<referedAttribute>A5179D93-E422-E83A-07A1-25A9F84A7BDA</referedAttribute>
<useDomainConstraints>false</useDomainConstraints>
<use>1</use>
<logicalDatatype>LOGDT011</logicalDatatype>
<ownDataTypeParameters>,,</ownDataTypeParameters>
</Attribute>
</attributes>
<identifiers itemClass="oracle.dbtools.crest.model.design.logical.CandidateKey">
<identifier id="D40A049D-3764-D953-1708-119A3C57C2A6" name="RECLAMO PK">
<createdBy>LENOVO</createdBy>
<createdTime>2025-04-05 20:11:18 UTC</createdTime>
<ownerDesignName>farmacia</ownerDesignName>
<shouldEngineer>false</shouldEngineer>
<engineerTo>
<item key="BEB094EE-F359-8CC2-4EF5-BA5CE4A6EFEA" value="false"/>
</engineerTo>
<pk>true</pk>
<usedAttributes>
<attributeRef>1D7C7614-851E-80F1-AABF-40279DBBC69F</attributeRef>
</usedAttributes>
</identifier>
</identifiers>
</Entity>