<?xml version = '1.0' encoding = 'UTF-8'?>
<Entity class="oracle.dbtools.crest.model.design.logical.Entity" directorySegmentName="seg_0" id="87C308C4-1D22-329E-A938-29359B82BC61" name="FORMA DE PAGO">
<createdBy>LENOVO</createdBy>
<createdTime>2025-04-05 19:55:45 UTC</createdTime>
<ownerDesignName>farmacia</ownerDesignName>
<engineerTo>
<item key="BEB094EE-F359-8CC2-4EF5-BA5CE4A6EFEA" value="true"/>
</engineerTo>
<adequatelyNormalized>NO</adequatelyNormalized>
<expectedVolumes>0</expectedVolumes>
<fwdEngineeringStrategyName>Single Table</fwdEngineeringStrategyName>
<growthPercent>0</growthPercent>
<growthType>Year</growthType>
<maxVolumes>9999999</maxVolumes>
<minVolumes>0</minVolumes>
<normalForm>Third</normalForm>
<attributes itemClass="oracle.dbtools.crest.model.design.logical.Attribute">
<Attribute name="id_pag" id="10987400-E2E0-A58A-A013-AD4EEB7AA88B">
<createdBy>LENOVO</createdBy>
<createdTime>2025-04-05 19:56:10 UTC</createdTime>
<ownerDesignName>farmacia</ownerDesignName>
<engineerTo>
<item key="BEB094EE-F359-8CC2-4EF5-BA5CE4A6EFEA" value="true"/>
</engineerTo>
<useDomainConstraints>false</useDomainConstraints>
<use>1</use>
<logicalDatatype>LOGDT011</logicalDatatype>
<ownDataTypeParameters>,,</ownDataTypeParameters>
</Attribute>
<Attribute name="tipo_pag" id="1668AF67-8ED8-952A-D775-EC53D9391610">
<createdBy>LENOVO</createdBy>
<createdTime>2025-04-05 19:56:31 UTC</createdTime>
<ownerDesignName>farmacia</ownerDesignName>
<engineerTo>
<item key="BEB094EE-F359-8CC2-4EF5-BA5CE4A6EFEA" value="true"/>
</engineerTo>
<useDomainConstraints>false</useDomainConstraints>
<use>1</use>
<logicalDatatype>LOGDT024</logicalDatatype>
<dataTypeSize>50 CHAR</dataTypeSize>
<ownDataTypeParameters>50 CHAR,,</ownDataTypeParameters>
</Attribute>
<Attribute name="id_com" id="727A3262-4A6D-3566-09E8-2840535CFE5A">
<createdBy>LENOVO</createdBy>
<createdTime>2025-04-05 21:29:33 UTC</createdTime>
<generatorID>BE310242-203D-9043-DCFF-243B6703239D</generatorID>
<ownerDesignName>farmacia</ownerDesignName>
<engineerTo>
<item key="BEB094EE-F359-8CC2-4EF5-BA5CE4A6EFEA" value="true"/>
</engineerTo>
<referedAttribute>BDE49484-1B5D-221E-0F1F-3F9A13839F09</referedAttribute>
<useDomainConstraints>false</useDomainConstraints>
<use>1</use>
<logicalDatatype>LOGDT011</logicalDatatype>
<ownDataTypeParameters>,,</ownDataTypeParameters>
</Attribute>
</attributes>
<identifiers itemClass="oracle.dbtools.crest.model.design.logical.CandidateKey">
<identifier id="8E963991-4F1E-776E-C2B9-9780D76A0E63" name="FORMA DE PAGO PK">
<createdBy>LENOVO</createdBy>
<createdTime>2025-04-05 19:56:28 UTC</createdTime>
<ownerDesignName>farmacia</ownerDesignName>
<shouldEngineer>false</shouldEngineer>
<engineerTo>
<item key="BEB094EE-F359-8CC2-4EF5-BA5CE4A6EFEA" value="false"/>
</engineerTo>
<pk>true</pk>
<usedAttributes>
<attributeRef>10987400-E2E0-A58A-A013-AD4EEB7AA88B</attributeRef>
</usedAttributes>
</identifier>
</identifiers>
</Entity>