<?xml version = '1.0' encoding = 'UTF-8'?>
<Entity class="oracle.dbtools.crest.model.design.logical.Entity" directorySegmentName="seg_0" id="9548254F-7FBE-71F7-C79A-EDFAC710FBE7" name="EMPLEADO">
<createdBy>LENOVO</createdBy>
<createdTime>2025-04-05 19:54:12 UTC</createdTime>
<ownerDesignName>farmacia</ownerDesignName>
<engineerTo>
<item key="BEB094EE-F359-8CC2-4EF5-BA5CE4A6EFEA" value="true"/>
</engineerTo>
<adequatelyNormalized>NO</adequatelyNormalized>
<expectedVolumes>0</expectedVolumes>
<fwdEngineeringStrategyName>Single Table</fwdEngineeringStrategyName>
<growthPercent>0</growthPercent>
<growthType>Year</growthType>
<maxVolumes>9999999</maxVolumes>
<minVolumes>0</minVolumes>
<normalForm>Third</normalForm>
<attributes itemClass="oracle.dbtools.crest.model.design.logical.Attribute">
<Attribute name="id_emp" id="BCFD3805-20BB-C775-3E85-62C2CF2FA6CF">
<createdBy>LENOVO</createdBy>
<createdTime>2025-04-05 19:54:25 UTC</createdTime>
<ownerDesignName>farmacia</ownerDesignName>
<engineerTo>
<item key="BEB094EE-F359-8CC2-4EF5-BA5CE4A6EFEA" value="true"/>
</engineerTo>
<useDomainConstraints>false</useDomainConstraints>
<use>1</use>
<logicalDatatype>LOGDT011</logicalDatatype>
<ownDataTypeParameters>,,</ownDataTypeParameters>
</Attribute>
<Attribute name="nombre_emp" id="9CED1AFC-718E-E62D-1D2B-4AB8CDF781C6">
<createdBy>LENOVO</createdBy>
<createdTime>2025-04-05 19:54:50 UTC</createdTime>
<ownerDesignName>farmacia</ownerDesignName>
<engineerTo>
<item key="BEB094EE-F359-8CC2-4EF5-BA5CE4A6EFEA" value="true"/>
</engineerTo>
<useDomainConstraints>false</useDomainConstraints>
<use>1</use>
<logicalDatatype>LOGDT024</logicalDatatype>
<dataTypeSize>25 CHAR</dataTypeSize>
<ownDataTypeParameters>25 CHAR,,</ownDataTypeParameters>
</Attribute>
<Attribute name="id_car" id="6DDAEA74-F958-29D3-665B-47BFE8CA7E1E">
<createdBy>LENOVO</createdBy>
<createdTime>2025-04-05 21:28:52 UTC</createdTime>
<generatorID>3B99022E-883F-2593-5940-B37F4942776C</generatorID>
<ownerDesignName>farmacia</ownerDesignName>
<engineerTo>
<item key="BEB094EE-F359-8CC2-4EF5-BA5CE4A6EFEA" value="true"/>
</engineerTo>
<referedAttribute>D006862C-4920-4CB5-91F9-C9A50C0045B4</referedAttribute>
<useDomainConstraints>false</useDomainConstraints>
<use>1</use>
<logicalDatatype>LOGDT011</logicalDatatype>
<ownDataTypeParameters>,,</ownDataTypeParameters>
</Attribute>
<Attribute name="id_com" id="0B9F5708-5497-6F57-62D3-4E02F1313B43">
<createdBy>LENOVO</createdBy>
<createdTime>2025-04-05 21:41:23 UTC</createdTime>
<generatorID>2DD634BD-EB19-3AD1-45AF-37A28B599E44</generatorID>
<ownerDesignName>farmacia</ownerDesignName>
<engineerTo>
<item key="BEB094EE-F359-8CC2-4EF5-BA5CE4A6EFEA" value="true"/>
</engineerTo>
<referedAttribute>BDE49484-1B5D-221E-0F1F-3F9A13839F09</referedAttribute>
<useDomainConstraints>false</useDomainConstraints>
<use>1</use>
<logicalDatatype>LOGDT011</logicalDatatype>
<ownDataTypeParameters>,,</ownDataTypeParameters>
</Attribute>
</attributes>
<identifiers itemClass="oracle.dbtools.crest.model.design.logical.CandidateKey">
<identifier id="350684E4-8E69-E588-3103-67571F20F169" name="EMPLEADO PK">
<createdBy>LENOVO</createdBy>
<createdTime>2025-04-05 19:54:48 UTC</createdTime>
<ownerDesignName>farmacia</ownerDesignName>
<shouldEngineer>false</shouldEngineer>
<engineerTo>
<item key="BEB094EE-F359-8CC2-4EF5-BA5CE4A6EFEA" value="false"/>
</engineerTo>
<pk>true</pk>
<usedAttributes>
<attributeRef>BCFD3805-20BB-C775-3E85-62C2CF2FA6CF</attributeRef>
</usedAttributes>
</identifier>
</identifiers>
</Entity>