<?xml version = '1.0' encoding = 'UTF-8'?>
<Entity class="oracle.dbtools.crest.model.design.logical.Entity" directorySegmentName="seg_0" id="A736EC1C-FC78-366E-4309-734F03BD849C" name="COMPROBANTE">
<createdBy>LENOVO</createdBy>
<createdTime>2025-04-05 19:57:43 UTC</createdTime>
<ownerDesignName>farmacia</ownerDesignName>
<engineerTo>
<item key="BEB094EE-F359-8CC2-4EF5-BA5CE4A6EFEA" value="true"/>
</engineerTo>
<adequatelyNormalized>NO</adequatelyNormalized>
<expectedVolumes>0</expectedVolumes>
<fwdEngineeringStrategyName>Single Table</fwdEngineeringStrategyName>
<growthPercent>0</growthPercent>
<growthType>Year</growthType>
<maxVolumes>9999999</maxVolumes>
<minVolumes>0</minVolumes>
<normalForm>Third</normalForm>
<attributes itemClass="oracle.dbtools.crest.model.design.logical.Attribute">
<Attribute name="id_com" id="BDE49484-1B5D-221E-0F1F-3F9A13839F09">
<createdBy>LENOVO</createdBy>
<createdTime>2025-04-05 19:57:56 UTC</createdTime>
<ownerDesignName>farmacia</ownerDesignName>
<engineerTo>
<item key="BEB094EE-F359-8CC2-4EF5-BA5CE4A6EFEA" value="true"/>
</engineerTo>
<useDomainConstraints>false</useDomainConstraints>
<use>1</use>
<logicalDatatype>LOGDT011</logicalDatatype>
<ownDataTypeParameters>,,</ownDataTypeParameters>
</Attribute>
<Attribute name="tipo_com" id="418D2199-4D7F-8BB7-00CB-7BEF7922AA63">
<createdBy>LENOVO</createdBy>
<createdTime>2025-04-05 20:05:28 UTC</createdTime>
<ownerDesignName>farmacia</ownerDesignName>
<engineerTo>
<item key="BEB094EE-F359-8CC2-4EF5-BA5CE4A6EFEA" value="true"/>
</engineerTo>
<useDomainConstraints>false</useDomainConstraints>
<use>1</use>
<logicalDatatype>LOGDT024</logicalDatatype>
<dataTypeSize>25 CHAR</dataTypeSize>
<ownDataTypeParameters>25 CHAR,,</ownDataTypeParameters>
</Attribute>
<Attribute name="fecha_com" id="47CFB9E3-7682-C814-27F3-A52009E33C7B">
<createdBy>LENOVO</createdBy>
<createdTime>2025-04-05 20:08:53 UTC</createdTime>
<ownerDesignName>farmacia</ownerDesignName>
<engineerTo>
<item key="BEB094EE-F359-8CC2-4EF5-BA5CE4A6EFEA" value="true"/>
</engineerTo>
<useDomainConstraints>false</useDomainConstraints>
<use>1</use>
<logicalDatatype>LOGDT007</logicalDatatype>
<ownDataTypeParameters>,,</ownDataTypeParameters>
</Attribute>
<Attribute name="estado_com" id="9B32FC53-892E-BE98-DB75-CFEAEFA150DA">
<createdBy>LENOVO</createdBy>
<createdTime>2025-04-05 20:09:23 UTC</createdTime>
<ownerDesignName>farmacia</ownerDesignName>
<engineerTo>
<item key="BEB094EE-F359-8CC2-4EF5-BA5CE4A6EFEA" value="true"/>
</engineerTo>
<useDomainConstraints>false</useDomainConstraints>
<use>1</use>
<logicalDatatype>LOGDT024</logicalDatatype>
<dataTypeSize>25 CHAR</dataTypeSize>
<ownDataTypeParameters>25 CHAR,,</ownDataTypeParameters>
</Attribute>
<Attribute name="total_com" id="2DB4A85E-5E09-883E-511D-1C99C0C5BF02">
<createdBy>LENOVO</createdBy>
<createdTime>2025-04-05 20:09:59 UTC</createdTime>
<ownerDesignName>farmacia</ownerDesignName>
<engineerTo>
<item key="BEB094EE-F359-8CC2-4EF5-BA5CE4A6EFEA" value="true"/>
</engineerTo>
<useDomainConstraints>false</useDomainConstraints>
<use>1</use>
<logicalDatatype>LOGDT026</logicalDatatype>
<dataTypePrecision>10</dataTypePrecision>
<dataTypeScale>2</dataTypeScale>
<ownDataTypeParameters>,10,2</ownDataTypeParameters>
</Attribute>
<Attribute name="id_cli" id="7FCA63BA-9CDD-160A-5018-CD9BB3B81B32">
<createdBy>LENOVO</createdBy>
<createdTime>2025-04-05 21:29:18 UTC</createdTime>
<generatorID>4F9ACA88-0D1B-753C-4CAE-1E02D27D652A</generatorID>
<ownerDesignName>farmacia</ownerDesignName>
<engineerTo>
<item key="BEB094EE-F359-8CC2-4EF5-BA5CE4A6EFEA" value="true"/>
</engineerTo>
<referedAttribute>A5179D93-E422-E83A-07A1-25A9F84A7BDA</referedAttribute>
<useDomainConstraints>false</useDomainConstraints>
<use>1</use>
<logicalDatatype>LOGDT011</logicalDatatype>
<ownDataTypeParameters>,,</ownDataTypeParameters>
</Attribute>
</attributes>
<identifiers itemClass="oracle.dbtools.crest.model.design.logical.CandidateKey">
<identifier id="F4F3D5FB-71F7-3FE0-3BEF-C3EB4E2082E2" name="COMPROBANTE PK">
<createdBy>LENOVO</createdBy>
<createdTime>2025-04-05 20:05:24 UTC</createdTime>
<ownerDesignName>farmacia</ownerDesignName>
<shouldEngineer>false</shouldEngineer>
<engineerTo>
<item key="BEB094EE-F359-8CC2-4EF5-BA5CE4A6EFEA" value="false"/>
</engineerTo>
<pk>true</pk>
<usedAttributes>
<attributeRef>BDE49484-1B5D-221E-0F1F-3F9A13839F09</attributeRef>
</usedAttributes>
</identifier>
</identifiers>
</Entity>