<?xml version = '1.0' encoding = 'UTF-8'?>
<Diagram class="oracle.dbtools.crest.swingui.relational.DPVRelational" name="Relational_1" id="C4A6AEE3-CE39-3356-DE03-12BF708AB76D">
<createdBy>LENOVO</createdBy>
<modifiedBy>LENOVO</modifiedBy>
<createdTime>2025-04-05 21:41:52 UTC</createdTime>
<autoRoute>false</autoRoute>
<boxInbox>true</boxInbox>
<showLegend>false</showLegend>
<showLabels>false</showLabels>
<showRelAttributes>false</showRelAttributes>
<gridEnabled>false</gridEnabled>
<showGrid>false</showGrid>
<diagramColor>-1</diagramColor>
<display>false</display>
<notation>1</notation>
<objectViews>
<OView class="oracle.dbtools.crest.swingui.relational.TVTable" oid="04610A5B-5A5A-9261-B377-86DAE35A66A3" otype="Table" vid="60F4752D-94B6-4E5C-C437-DCDA7D53E477">
<hideElementsInCurrentOnly>false</hideElementsInCurrentOnly>
<bounds x="1066" y="348" width="277" height="161"/>
</OView>
<OView class="oracle.dbtools.crest.swingui.relational.TVTable" oid="0474CF16-E84C-2C6E-E899-B535E5DA5027" otype="Table" vid="1D288BFF-F80B-0DE6-5D9E-2AA10191F2AE">
<hideElementsInCurrentOnly>false</hideElementsInCurrentOnly>
<bounds x="995" y="188" width="247" height="110"/>
</OView>
<OView class="oracle.dbtools.crest.swingui.relational.TVTable" oid="2EB9247D-4CCD-00CC-5ED7-45F310AE8557" otype="Table" vid="68FD30CC-1E5E-FB1C-635D-E91B71A4BCA1">
<hideElementsInCurrentOnly>false</hideElementsInCurrentOnly>
<bounds x="747" y="356" width="238" height="154"/>
</OView>
<OView class="oracle.dbtools.crest.swingui.relational.TVTable" oid="411E9D5F-2C11-629E-1B9A-5E804C003BF9" otype="Table" vid="6688F44C-F1C5-02B1-3C62-426B23BF1BD1">
<hideElementsInCurrentOnly>false</hideElementsInCurrentOnly>
<bounds x="688" y="164" width="284" height="144"/>
</OView>
<OView class="oracle.dbtools.crest.swingui.relational.TVTable" oid="4801A5CB-1F19-FDFE-151B-E65214F2356D" otype="Table" vid="811AA81A-9035-6750-7410-ED09FA6F057B">
<hideElementsInCurrentOnly>false</hideElementsInCurrentOnly>
<bounds x="727" y="9" width="225" height="110"/>
</OView>
<OView class="oracle.dbtools.crest.swingui.relational.TVTable" oid="5F481D4B-087E-112C-717C-14C9427A1D11" otype="Table" vid="E34680C6-C40F-3B11-7F67-A2103EB3438C">
<hideElementsInCurrentOnly>false</hideElementsInCurrentOnly>
<bounds x="434" y="339" width="241" height="138"/>
</OView>
<OView class="oracle.dbtools.crest.swingui.relational.TVTable" oid="674038F7-0ABC-F042-98CE-C5FC144A3612" otype="Table" vid="D9B64C26-8D07-87D5-DDD9-D8AAAD74EF3E">
<hideElementsInCurrentOnly>false</hideElementsInCurrentOnly>
<bounds x="759" y="568" width="372" height="114"/>
</OView>
<OView class="oracle.dbtools.crest.swingui.relational.TVTable" oid="726E39E7-79B7-B16A-CFF4-432276D339AC" otype="Table" vid="3560EFF3-30E4-5571-AC7A-C79B6148CAC3">
<hideElementsInCurrentOnly>false</hideElementsInCurrentOnly>
<bounds x="430" y="156" width="170" height="110"/>
</OView>
<OView class="oracle.dbtools.crest.swingui.relational.TVTable" oid="EB528D6F-C4DB-7556-E676-7B6E2B475A44" otype="Table" vid="E70544F5-51AB-A5FF-CDC0-BAF51BB974BC">
<hideElementsInCurrentOnly>false</hideElementsInCurrentOnly>
<bounds x="16" y="349" width="368" height="145"/>
</OView>
<OView class="oracle.dbtools.crest.swingui.relational.TVTable" oid="ED3416AB-FB34-87DE-22FC-97CBD964AA64" otype="Table" vid="B6840628-AE28-D6EE-DA9F-09EF329DDF21">
<hideElementsInCurrentOnly>false</hideElementsInCurrentOnly>
<bounds x="435" y="550" width="247" height="141"/>
</OView>
</objectViews>
<connectors>
<Connector class="oracle.dbtools.crest.swingui.relational.TVFKRelation" oid="0D8FB31A-D140-A47D-998E-8AD57343BEA7" otype="FKIndexAssociation" vid_source="68FD30CC-1E5E-FB1C-635D-E91B71A4BCA1" vid_target="D9B64C26-8D07-87D5-DDD9-D8AAAD74EF3E">
<hideElementsInCurrentOnly>false</hideElementsInCurrentOnly>
<backgroundColor>-16777216</backgroundColor>
<lineWidth>1</lineWidth>
<points>
<point x="872" y="510"/>
<point x="872" y="568"/>
</points>
</Connector>
<Connector class="oracle.dbtools.crest.swingui.relational.TVFKRelation" oid="24DE1318-081A-08F5-2202-F6F218D0BFC4" otype="FKIndexAssociation" vid_source="811AA81A-9035-6750-7410-ED09FA6F057B" vid_target="6688F44C-F1C5-02B1-3C62-426B23BF1BD1">
<hideElementsInCurrentOnly>false</hideElementsInCurrentOnly>
<backgroundColor>-16777216</backgroundColor>
<lineWidth>1</lineWidth>
<points>
<point x="839" y="119"/>
<point x="839" y="164"/>
</points>
</Connector>
<Connector class="oracle.dbtools.crest.swingui.relational.TVFKRelation" oid="4606AF43-059D-46B0-147F-1130D60C80E6" otype="FKIndexAssociation" vid_source="60F4752D-94B6-4E5C-C437-DCDA7D53E477" vid_target="E70544F5-51AB-A5FF-CDC0-BAF51BB974BC">
<hideElementsInCurrentOnly>false</hideElementsInCurrentOnly>
<backgroundColor>-16777216</backgroundColor>
<lineWidth>1</lineWidth>
<points>
<point x="1066" y="421"/>
<point x="384" y="421"/>
</points>
</Connector>
<Connector class="oracle.dbtools.crest.swingui.relational.TVFKRelation" oid="4E1C4042-1C34-9B99-033B-1C4540BD020D" otype="FKIndexAssociation" vid_source="E34680C6-C40F-3B11-7F67-A2103EB3438C" vid_target="68FD30CC-1E5E-FB1C-635D-E91B71A4BCA1">
<hideElementsInCurrentOnly>false</hideElementsInCurrentOnly>
<backgroundColor>-16777216</backgroundColor>
<lineWidth>1</lineWidth>
<points>
<point x="675" y="416"/>
<point x="747" y="416"/>
</points>
</Connector>
<Connector class="oracle.dbtools.crest.swingui.relational.TVFKRelation" oid="52FC440D-F671-8193-66B2-86BEAF0F1B6A" otype="FKIndexAssociation" vid_source="68FD30CC-1E5E-FB1C-635D-E91B71A4BCA1" vid_target="E70544F5-51AB-A5FF-CDC0-BAF51BB974BC">
<hideElementsInCurrentOnly>false</hideElementsInCurrentOnly>
<backgroundColor>-16777216</backgroundColor>
<lineWidth>1</lineWidth>
<points>
<point x="747" y="455"/>
<point x="384" y="455"/>
</points>
</Connector>
<Connector class="oracle.dbtools.crest.swingui.relational.TVFKRelation" oid="6E6344BE-2660-F41F-BF73-3E2BA8FD7342" otype="FKIndexAssociation" vid_source="1D288BFF-F80B-0DE6-5D9E-2AA10191F2AE" vid_target="60F4752D-94B6-4E5C-C437-DCDA7D53E477">
<hideElementsInCurrentOnly>false</hideElementsInCurrentOnly>
<backgroundColor>-16777216</backgroundColor>
<lineWidth>1</lineWidth>
<points>
<point x="1169" y="298"/>
<point x="1169" y="348"/>
</points>
</Connector>
<Connector class="oracle.dbtools.crest.swingui.relational.TVFKRelation" oid="AC30EF9F-FF27-849D-06E4-3C3E69DD213A" otype="FKIndexAssociation" vid_source="68FD30CC-1E5E-FB1C-635D-E91B71A4BCA1" vid_target="6688F44C-F1C5-02B1-3C62-426B23BF1BD1">
<hideElementsInCurrentOnly>false</hideElementsInCurrentOnly>
<backgroundColor>-16777216</backgroundColor>
<lineWidth>1</lineWidth>
<points>
<point x="859" y="356"/>
<point x="859" y="308"/>
</points>
</Connector>
<Connector class="oracle.dbtools.crest.swingui.relational.TVFKRelation" oid="BE7885DE-2D7B-572D-BB49-4870B1E5781F" otype="FKIndexAssociation" vid_source="3560EFF3-30E4-5571-AC7A-C79B6148CAC3" vid_target="E34680C6-C40F-3B11-7F67-A2103EB3438C">
<hideElementsInCurrentOnly>false</hideElementsInCurrentOnly>
<backgroundColor>-16777216</backgroundColor>
<lineWidth>1</lineWidth>
<points>
<point x="517" y="266"/>
<point x="517" y="339"/>
</points>
</Connector>
<Connector class="oracle.dbtools.crest.swingui.relational.TVFKRelation" oid="F3740F02-FC24-FCB7-D9C6-1065D318A590" otype="FKIndexAssociation" vid_source="E34680C6-C40F-3B11-7F67-A2103EB3438C" vid_target="B6840628-AE28-D6EE-DA9F-09EF329DDF21">
<hideElementsInCurrentOnly>false</hideElementsInCurrentOnly>
<backgroundColor>-16777216</backgroundColor>
<lineWidth>1</lineWidth>
<points>
<point x="555" y="477"/>
<point x="555" y="550"/>
</points>
</Connector>
</connectors>
</Diagram>