<?xml version = '1.0' encoding = 'UTF-8'?>
<Entity class="oracle.dbtools.crest.model.design.logical.Entity" directorySegmentName="seg_0" id="2B6B9E5A-08D9-57A2-4F73-BF401FC590FF" name="COCINERO">
<createdBy>Alumno</createdBy>
<createdTime>2025-03-27 19:44:49 UTC</createdTime>
<ownerDesignName>cocina</ownerDesignName>
<engineerTo>
<item key="973B1F45-2F2D-9143-EA02-D15EE566BA42" value="true"/>
</engineerTo>
<adequatelyNormalized>NO</adequatelyNormalized>
<expectedVolumes>0</expectedVolumes>
<fwdEngineeringStrategyName>Single Table</fwdEngineeringStrategyName>
<growthPercent>0</growthPercent>
<growthType>Year</growthType>
<maxVolumes>9999999</maxVolumes>
<minVolumes>0</minVolumes>
<normalForm>Third</normalForm>
<attributes itemClass="oracle.dbtools.crest.model.design.logical.Attribute">
<Attribute name="Id_coc" id="56F204BC-18E3-A906-6AFE-CCB5EEDDCD0D">
<createdBy>Alumno</createdBy>
<createdTime>2025-03-27 19:44:59 UTC</createdTime>
<ownerDesignName>cocina</ownerDesignName>
<engineerTo>
<item key="973B1F45-2F2D-9143-EA02-D15EE566BA42" value="true"/>
</engineerTo>
<useDomainConstraints>false</useDomainConstraints>
<use>1</use>
<logicalDatatype>LOGDT011</logicalDatatype>
<ownDataTypeParameters>,,</ownDataTypeParameters>
</Attribute>
<Attribute name="nombre_coc" id="9337EE32-51EA-819C-7513-4C5F8D6C2185">
<createdBy>Alumno</createdBy>
<createdTime>2025-03-27 19:45:17 UTC</createdTime>
<ownerDesignName>cocina</ownerDesignName>
<engineerTo>
<item key="973B1F45-2F2D-9143-EA02-D15EE566BA42" value="true"/>
</engineerTo>
<useDomainConstraints>false</useDomainConstraints>
<use>1</use>
<logicalDatatype>LOGDT024</logicalDatatype>
<dataTypeSize>50 CHAR</dataTypeSize>
<ownDataTypeParameters>50 CHAR,,</ownDataTypeParameters>
</Attribute>
<Attribute name="nacionalidad_coc" id="B8D2E57B-CDDC-36CC-AEBA-477B4545ECFF">
<createdBy>Alumno</createdBy>
<createdTime>2025-03-27 19:45:49 UTC</createdTime>
<ownerDesignName>cocina</ownerDesignName>
<engineerTo>
<item key="973B1F45-2F2D-9143-EA02-D15EE566BA42" value="true"/>
</engineerTo>
<useDomainConstraints>false</useDomainConstraints>
<use>1</use>
<logicalDatatype>LOGDT024</logicalDatatype>
<dataTypeSize>50 CHAR</dataTypeSize>
<ownDataTypeParameters>50 CHAR,,</ownDataTypeParameters>
</Attribute>
<Attribute name="num-libros_coc" id="09690EA4-0B22-B0CA-171C-E95A6E3DE740">
<createdBy>Alumno</createdBy>
<createdTime>2025-03-27 19:46:16 UTC</createdTime>
<ownerDesignName>cocina</ownerDesignName>
<engineerTo>
<item key="973B1F45-2F2D-9143-EA02-D15EE566BA42" value="true"/>
</engineerTo>
<useDomainConstraints>false</useDomainConstraints>
<use>1</use>
<logicalDatatype>LOGDT011</logicalDatatype>
<ownDataTypeParameters>,,</ownDataTypeParameters>
</Attribute>
</attributes>
<identifiers itemClass="oracle.dbtools.crest.model.design.logical.CandidateKey">
<identifier id="B099573B-E72C-B8B1-28BB-20D0EAACE4CA" name="COCINERO PK">
<createdBy>Alumno</createdBy>
<createdTime>2025-03-27 19:45:15 UTC</createdTime>
<ownerDesignName>cocina</ownerDesignName>
<engineerTo>
<item key="973B1F45-2F2D-9143-EA02-D15EE566BA42" value="true"/>
</engineerTo>
<pk>true</pk>
<usedAttributes>
<attributeRef>56F204BC-18E3-A906-6AFE-CCB5EEDDCD0D</attributeRef>
</usedAttributes>
</identifier>
</identifiers>
</Entity>