<?xml version = '1.0' encoding = 'UTF-8'?>
<Entity class="oracle.dbtools.crest.model.design.logical.Entity" directorySegmentName="seg_0" id="3B3777E7-1359-DC5B-4609-4E8C1D071F6B" name="RECETA">
<createdBy>Alumno</createdBy>
<createdTime>2025-03-27 19:30:02 UTC</createdTime>
<ownerDesignName>cocina</ownerDesignName>
<engineerTo>
<item key="973B1F45-2F2D-9143-EA02-D15EE566BA42" value="true"/>
</engineerTo>
<adequatelyNormalized>NO</adequatelyNormalized>
<expectedVolumes>0</expectedVolumes>
<fwdEngineeringStrategyName>Single Table</fwdEngineeringStrategyName>
<growthPercent>0</growthPercent>
<growthType>Year</growthType>
<maxVolumes>9999999</maxVolumes>
<minVolumes>0</minVolumes>
<normalForm>Third</normalForm>
<attributes itemClass="oracle.dbtools.crest.model.design.logical.Attribute">
<Attribute name="Id_rec" id="676A4329-79A0-3C04-AEBE-5A59749F237F">
<createdBy>Alumno</createdBy>
<createdTime>2025-03-27 19:30:29 UTC</createdTime>
<ownerDesignName>cocina</ownerDesignName>
<engineerTo>
<item key="973B1F45-2F2D-9143-EA02-D15EE566BA42" value="true"/>
</engineerTo>
<useDomainConstraints>false</useDomainConstraints>
<use>1</use>
<logicalDatatype>LOGDT011</logicalDatatype>
<ownDataTypeParameters>,,</ownDataTypeParameters>
</Attribute>
<Attribute name="nombre_rec" id="7948B5B5-CF18-E74D-D023-FB44569DF895">
<createdBy>Alumno</createdBy>
<createdTime>2025-03-27 19:30:52 UTC</createdTime>
<ownerDesignName>cocina</ownerDesignName>
<engineerTo>
<item key="973B1F45-2F2D-9143-EA02-D15EE566BA42" value="true"/>
</engineerTo>
<useDomainConstraints>false</useDomainConstraints>
<use>1</use>
<logicalDatatype>LOGDT024</logicalDatatype>
<dataTypeSize>50 CHAR</dataTypeSize>
<ownDataTypeParameters>50 CHAR,,</ownDataTypeParameters>
</Attribute>
<Attribute name="descripción_rec" id="75E243BE-D4C7-6CAB-18D8-F1F64E69F118">
<createdBy>Alumno</createdBy>
<createdTime>2025-03-27 19:31:20 UTC</createdTime>
<ownerDesignName>cocina</ownerDesignName>
<engineerTo>
<item key="973B1F45-2F2D-9143-EA02-D15EE566BA42" value="true"/>
</engineerTo>
<useDomainConstraints>false</useDomainConstraints>
<use>1</use>
<logicalDatatype>LOGDT040</logicalDatatype>
<ownDataTypeParameters>,,</ownDataTypeParameters>
</Attribute>
<Attribute name="ISBN_lib" id="0B63808A-EA82-065D-5FB1-421E61ADAA3F">
<createdBy>Alumno</createdBy>
<createdTime>2025-03-27 21:52:51 UTC</createdTime>
<generatorID>1CDF56D3-AC56-70A5-61AE-55BD7CD32496</generatorID>
<ownerDesignName>cocina</ownerDesignName>
<engineerTo>
<item key="973B1F45-2F2D-9143-EA02-D15EE566BA42" value="true"/>
</engineerTo>
<referedAttribute>FF0644A8-D805-0F71-22CF-7EF4957186F7</referedAttribute>
<useDomainConstraints>false</useDomainConstraints>
<use>1</use>
<logicalDatatype>LOGDT024</logicalDatatype>
<dataTypeSize>50 CHAR</dataTypeSize>
<ownDataTypeParameters>,,</ownDataTypeParameters>
</Attribute>
</attributes>
<identifiers itemClass="oracle.dbtools.crest.model.design.logical.CandidateKey">
<identifier id="873E328A-BFF0-6AB4-143F-CB8A791A6854" name="RECETA PK">
<createdBy>Alumno</createdBy>
<createdTime>2025-03-27 19:30:50 UTC</createdTime>
<ownerDesignName>cocina</ownerDesignName>
<engineerTo>
<item key="973B1F45-2F2D-9143-EA02-D15EE566BA42" value="true"/>
</engineerTo>
<pk>true</pk>
<usedAttributes>
<attributeRef>676A4329-79A0-3C04-AEBE-5A59749F237F</attributeRef>
</usedAttributes>
</identifier>
</identifiers>
</Entity>