<?xml version = '1.0' encoding = 'UTF-8'?>
<Entity class="oracle.dbtools.crest.model.design.logical.Entity" directorySegmentName="seg_0" id="9D4C0CA5-42A1-9FC8-3765-BFA45BC3D7D6" name="INGREDIENTE">
<createdBy>Alumno</createdBy>
<createdTime>2025-03-27 19:35:28 UTC</createdTime>
<ownerDesignName>cocina</ownerDesignName>
<engineerTo>
<item key="973B1F45-2F2D-9143-EA02-D15EE566BA42" value="true"/>
</engineerTo>
<adequatelyNormalized>NO</adequatelyNormalized>
<expectedVolumes>0</expectedVolumes>
<fwdEngineeringStrategyName>Single Table</fwdEngineeringStrategyName>
<growthPercent>0</growthPercent>
<growthType>Year</growthType>
<maxVolumes>9999999</maxVolumes>
<minVolumes>0</minVolumes>
<normalForm>Third</normalForm>
<attributes itemClass="oracle.dbtools.crest.model.design.logical.Attribute">
<Attribute name="Id_ing" id="23D83D39-380C-A29E-C4A4-7D26BF93EE67">
<createdBy>Alumno</createdBy>
<createdTime>2025-03-27 19:35:49 UTC</createdTime>
<ownerDesignName>cocina</ownerDesignName>
<engineerTo>
<item key="973B1F45-2F2D-9143-EA02-D15EE566BA42" value="true"/>
</engineerTo>
<useDomainConstraints>false</useDomainConstraints>
<use>1</use>
<logicalDatatype>LOGDT011</logicalDatatype>
<ownDataTypeParameters>,,</ownDataTypeParameters>
</Attribute>
<Attribute name="nombre_ing" id="BAC161E9-6F4B-7AAE-4DC0-E66432B6BFCC">
<createdBy>Alumno</createdBy>
<createdTime>2025-03-27 19:36:39 UTC</createdTime>
<ownerDesignName>cocina</ownerDesignName>
<engineerTo>
<item key="973B1F45-2F2D-9143-EA02-D15EE566BA42" value="true"/>
</engineerTo>
<useDomainConstraints>false</useDomainConstraints>
<use>1</use>
<logicalDatatype>LOGDT024</logicalDatatype>
<dataTypeSize>50 CHAR</dataTypeSize>
<ownDataTypeParameters>50 CHAR,,</ownDataTypeParameters>
</Attribute>
<Attribute name="unidad-medida_ing" id="93BDF908-F6A4-3F28-F3BF-9DA151185809">
<createdBy>Alumno</createdBy>
<createdTime>2025-03-27 19:37:13 UTC</createdTime>
<ownerDesignName>cocina</ownerDesignName>
<engineerTo>
<item key="973B1F45-2F2D-9143-EA02-D15EE566BA42" value="true"/>
</engineerTo>
<useDomainConstraints>false</useDomainConstraints>
<use>1</use>
<logicalDatatype>LOGDT024</logicalDatatype>
<dataTypeSize>50 CHAR</dataTypeSize>
<ownDataTypeParameters>50 CHAR,,</ownDataTypeParameters>
</Attribute>
</attributes>
<identifiers itemClass="oracle.dbtools.crest.model.design.logical.CandidateKey">
<identifier id="FF92B250-D608-3DAD-2F0A-FF6994B48F61" name="INGREDIENTE PK">
<createdBy>Alumno</createdBy>
<createdTime>2025-03-27 19:36:06 UTC</createdTime>
<ownerDesignName>cocina</ownerDesignName>
<engineerTo>
<item key="973B1F45-2F2D-9143-EA02-D15EE566BA42" value="true"/>
</engineerTo>
<pk>true</pk>
<usedAttributes>
<attributeRef>23D83D39-380C-A29E-C4A4-7D26BF93EE67</attributeRef>
</usedAttributes>
</identifier>
</identifiers>
</Entity>