<?xml version = '1.0' encoding = 'UTF-8'?>
<Entity class="oracle.dbtools.crest.model.design.logical.Entity" directorySegmentName="seg_0" id="E4CA7DF0-4F87-44A6-C84B-6289D1BD3F57" name="LIBRO">
<createdBy>Alumno</createdBy>
<createdTime>2025-03-27 19:39:08 UTC</createdTime>
<ownerDesignName>cocina</ownerDesignName>
<engineerTo>
<item key="973B1F45-2F2D-9143-EA02-D15EE566BA42" value="true"/>
</engineerTo>
<adequatelyNormalized>NO</adequatelyNormalized>
<expectedVolumes>0</expectedVolumes>
<fwdEngineeringStrategyName>Single Table</fwdEngineeringStrategyName>
<growthPercent>0</growthPercent>
<growthType>Year</growthType>
<maxVolumes>9999999</maxVolumes>
<minVolumes>0</minVolumes>
<normalForm>Third</normalForm>
<attributes itemClass="oracle.dbtools.crest.model.design.logical.Attribute">
<Attribute name="ISBN_lib" id="FF0644A8-D805-0F71-22CF-7EF4957186F7">
<createdBy>Alumno</createdBy>
<createdTime>2025-03-27 19:42:41 UTC</createdTime>
<ownerDesignName>cocina</ownerDesignName>
<engineerTo>
<item key="973B1F45-2F2D-9143-EA02-D15EE566BA42" value="true"/>
</engineerTo>
<useDomainConstraints>false</useDomainConstraints>
<use>1</use>
<logicalDatatype>LOGDT024</logicalDatatype>
<dataTypeSize>50 CHAR</dataTypeSize>
<ownDataTypeParameters>50 CHAR,,</ownDataTypeParameters>
</Attribute>
<Attribute name="titúlo_lib" id="5B304CC8-7767-7298-585D-D5A8DD94CB5D">
<createdBy>Alumno</createdBy>
<createdTime>2025-03-27 19:43:11 UTC</createdTime>
<ownerDesignName>cocina</ownerDesignName>
<engineerTo>
<item key="973B1F45-2F2D-9143-EA02-D15EE566BA42" value="true"/>
</engineerTo>
<useDomainConstraints>false</useDomainConstraints>
<use>1</use>
<logicalDatatype>LOGDT024</logicalDatatype>
<dataTypeSize>50 CHAR</dataTypeSize>
<ownDataTypeParameters>50 CHAR,,</ownDataTypeParameters>
</Attribute>
<Attribute name="fecha_lib" id="5700E0AD-BDAC-5BBE-30C7-B96BD6740FB7">
<createdBy>Alumno</createdBy>
<createdTime>2025-03-27 19:44:20 UTC</createdTime>
<ownerDesignName>cocina</ownerDesignName>
<engineerTo>
<item key="973B1F45-2F2D-9143-EA02-D15EE566BA42" value="true"/>
</engineerTo>
<useDomainConstraints>false</useDomainConstraints>
<use>1</use>
<logicalDatatype>LOGDT007</logicalDatatype>
<ownDataTypeParameters>,,</ownDataTypeParameters>
</Attribute>
<Attribute name="Id_coc" id="3BC62777-4CFC-F5E2-E4DA-BF3A21A9C983">
<createdBy>Alumno</createdBy>
<createdTime>2025-03-27 20:15:43 UTC</createdTime>
<generatorID>08E58119-E65F-BD49-C993-0E16D6F63FF5</generatorID>
<ownerDesignName>cocina</ownerDesignName>
<engineerTo>
<item key="973B1F45-2F2D-9143-EA02-D15EE566BA42" value="true"/>
</engineerTo>
<referedAttribute>56F204BC-18E3-A906-6AFE-CCB5EEDDCD0D</referedAttribute>
<useDomainConstraints>false</useDomainConstraints>
<use>1</use>
<logicalDatatype>LOGDT011</logicalDatatype>
<ownDataTypeParameters>,,</ownDataTypeParameters>
</Attribute>
<Attribute name="num-autores_lib" id="85AA14B8-BFC1-BBE3-672C-F09AEF973E39">
<createdBy>Alumno</createdBy>
<createdTime>2025-03-27 21:53:08 UTC</createdTime>
<ownerDesignName>cocina</ownerDesignName>
<engineerTo>
<item key="973B1F45-2F2D-9143-EA02-D15EE566BA42" value="true"/>
</engineerTo>
<nullsAllowed>true</nullsAllowed>
<useDomainConstraints>false</useDomainConstraints>
<use>1</use>
<logicalDatatype>LOGDT011</logicalDatatype>
<ownDataTypeParameters>,,</ownDataTypeParameters>
</Attribute>
</attributes>
<identifiers itemClass="oracle.dbtools.crest.model.design.logical.CandidateKey">
<identifier id="B9048BA5-BCB9-7793-3AFD-E004DB43FB86" name="LIBRO PK">
<createdBy>Alumno</createdBy>
<createdTime>2025-03-27 21:52:50 UTC</createdTime>
<ownerDesignName>cocina</ownerDesignName>
<engineerTo>
<item key="973B1F45-2F2D-9143-EA02-D15EE566BA42" value="true"/>
</engineerTo>
<pk>true</pk>
<usedAttributes>
<attributeRef>FF0644A8-D805-0F71-22CF-7EF4957186F7</attributeRef>
</usedAttributes>
</identifier>
</identifiers>
</Entity>