<?xml version = '1.0' encoding = 'UTF-8'?>
<Relation class="oracle.dbtools.crest.model.design.logical.Relation" name="Relation_8" directorySegmentName="seg_0" id="2DD634BD-EB19-3AD1-45AF-37A28B599E44">
<createdBy>LENOVO</createdBy>
<createdTime>2025-04-05 21:41:23 UTC</createdTime>
<ownerDesignName>farmacia</ownerDesignName>
<engineerTo>
<item key="BEB094EE-F359-8CC2-4EF5-BA5CE4A6EFEA" value="true"/>
</engineerTo>
<sourcePk>F4F3D5FB-71F7-3FE0-3BEF-C3EB4E2082E2</sourcePk>
<identifying>false</identifying>
<optionalSource>true</optionalSource>
<optionalTarget>false</optionalTarget>
<sourceCardinality>1</sourceCardinality>
<sourceEntity>A736EC1C-FC78-366E-4309-734F03BD849C</sourceEntity>
<targetCardinalityString>*</targetCardinalityString>
<targetEntity>9548254F-7FBE-71F7-C79A-EDFAC710FBE7</targetEntity>
<transferable>true</transferable>
<deleteRule>NO ACTION</deleteRule>
</Relation>