<?xml version = '1.0' encoding = 'UTF-8'?>
<Relation class="oracle.dbtools.crest.model.design.logical.Relation" name="Relation_3" directorySegmentName="seg_0" id="3B99022E-883F-2593-5940-B37F4942776C">
<createdBy>LENOVO</createdBy>
<createdTime>2025-04-05 21:28:52 UTC</createdTime>
<ownerDesignName>farmacia</ownerDesignName>
<engineerTo>
<item key="BEB094EE-F359-8CC2-4EF5-BA5CE4A6EFEA" value="true"/>
</engineerTo>
<sourcePk>7EE786A3-553A-8322-FCEA-B3E58E5EEB07</sourcePk>
<identifying>false</identifying>
<optionalSource>true</optionalSource>
<optionalTarget>false</optionalTarget>
<sourceCardinality>1</sourceCardinality>
<sourceEntity>EA6D6774-D5AE-37AE-1230-6697672F37C2</sourceEntity>
<targetCardinalityString>*</targetCardinalityString>
<targetEntity>9548254F-7FBE-71F7-C79A-EDFAC710FBE7</targetEntity>
<transferable>true</transferable>
<deleteRule>NO ACTION</deleteRule>
</Relation>