<?xml version = '1.0' encoding = 'UTF-8'?>
<Relation class="oracle.dbtools.crest.model.design.logical.Relation" name="Relation_6" directorySegmentName="seg_0" id="42DA9272-FCB5-43ED-BEDA-627459A44E4C">
<createdBy>LENOVO</createdBy>
<createdTime>2025-04-05 21:30:31 UTC</createdTime>
<ownerDesignName>farmacia</ownerDesignName>
<engineerTo>
<item key="BEB094EE-F359-8CC2-4EF5-BA5CE4A6EFEA" value="true"/>
</engineerTo>
<sourcePk>3F6F3013-CCE2-E947-AD72-774C2AD86258</sourcePk>
<identifying>false</identifying>
<optionalSource>true</optionalSource>
<optionalTarget>false</optionalTarget>
<sourceCardinality>1</sourceCardinality>
<sourceEntity>05419BA3-C901-B2F6-B9F3-3E12182EE6F7</sourceEntity>
<targetCardinalityString>*</targetCardinalityString>
<targetEntity>6FD2A014-0F4B-2C5C-DF13-3701D4920FEB</targetEntity>
<transferable>true</transferable>
<deleteRule>NO ACTION</deleteRule>
</Relation>