<?xml version = '1.0' encoding = 'UTF-8'?>
<Relation class="oracle.dbtools.crest.model.design.logical.Relation" name="Relation_2" directorySegmentName="seg_0" id="4F45118B-1B71-B8CA-263F-2434A03E4AA5">
<createdBy>LENOVO</createdBy>
<createdTime>2025-04-05 21:25:43 UTC</createdTime>
<ownerDesignName>farmacia</ownerDesignName>
<engineerTo>
<item key="BEB094EE-F359-8CC2-4EF5-BA5CE4A6EFEA" value="true"/>
</engineerTo>
<sourcePk>D1E5A2A6-8386-BFCC-98A3-EB11B8C558E0</sourcePk>
<identifying>false</identifying>
<optionalSource>true</optionalSource>
<optionalTarget>false</optionalTarget>
<sourceCardinality>1</sourceCardinality>
<sourceEntity>9BD53318-3E80-7DE5-CF66-F0E0B7E4BADB</sourceEntity>
<targetCardinalityString>*</targetCardinalityString>
<targetEntity>132211D3-9F90-52AC-B157-36568F311FC0</targetEntity>
<transferable>true</transferable>
<deleteRule>NO ACTION</deleteRule>
</Relation>