<?xml version = '1.0' encoding = 'UTF-8'?>
<Relation class="oracle.dbtools.crest.model.design.logical.Relation" name="Relation_4" directorySegmentName="seg_0" id="4F9ACA88-0D1B-753C-4CAE-1E02D27D652A">
<createdBy>LENOVO</createdBy>
<createdTime>2025-04-05 21:29:18 UTC</createdTime>
<ownerDesignName>farmacia</ownerDesignName>
<engineerTo>
<item key="BEB094EE-F359-8CC2-4EF5-BA5CE4A6EFEA" value="true"/>
</engineerTo>
<sourcePk>3F6F3013-CCE2-E947-AD72-774C2AD86258</sourcePk>
<identifying>false</identifying>
<optionalSource>true</optionalSource>
<optionalTarget>false</optionalTarget>
<sourceCardinality>1</sourceCardinality>
<sourceEntity>05419BA3-C901-B2F6-B9F3-3E12182EE6F7</sourceEntity>
<targetCardinalityString>*</targetCardinalityString>
<targetEntity>A736EC1C-FC78-366E-4309-734F03BD849C</targetEntity>
<transferable>true</transferable>
<deleteRule>NO ACTION</deleteRule>
</Relation>