<?xml version = '1.0' encoding = 'UTF-8'?>
<Relation class="oracle.dbtools.crest.model.design.logical.Relation" name="puede" directorySegmentName="seg_0" id="629B2735-97F2-3E71-91D4-FB4058A50A32">
<createdBy>LENOVO</createdBy>
<createdTime>2025-04-05 21:24:41 UTC</createdTime>
<ownerDesignName>farmacia</ownerDesignName>
<engineerTo>
<item key="BEB094EE-F359-8CC2-4EF5-BA5CE4A6EFEA" value="true"/>
</engineerTo>
<sourcePk>0464FA40-B6B6-3872-0B0B-D9E6642626B5</sourcePk>
<identifying>false</identifying>
<optionalSource>true</optionalSource>
<optionalTarget>false</optionalTarget>
<sourceCardinality>1</sourceCardinality>
<sourceEntity>97B52908-FA47-2A91-CDBD-9B0F3605F62B</sourceEntity>
<targetCardinalityString>*</targetCardinalityString>
<targetEntity>05419BA3-C901-B2F6-B9F3-3E12182EE6F7</targetEntity>
<transferable>true</transferable>
<deleteRule>NO ACTION</deleteRule>
</Relation>