<?xml version = '1.0' encoding = 'UTF-8'?>
<Relation class="oracle.dbtools.crest.model.design.logical.Relation" name="Relation_7" directorySegmentName="seg_0" id="6AEF3553-D473-9691-5943-5D67384E9E70">
<createdBy>LENOVO</createdBy>
<createdTime>2025-04-05 21:31:36 UTC</createdTime>
<ownerDesignName>farmacia</ownerDesignName>
<engineerTo>
<item key="BEB094EE-F359-8CC2-4EF5-BA5CE4A6EFEA" value="true"/>
</engineerTo>
<identifying>false</identifying>
<optionalSource>true</optionalSource>
<optionalTarget>false</optionalTarget>
<sourceCardinality>*</sourceCardinality>
<sourceEntity>A736EC1C-FC78-366E-4309-734F03BD849C</sourceEntity>
<targetCardinalityString>*</targetCardinalityString>
<targetEntity>132211D3-9F90-52AC-B157-36568F311FC0</targetEntity>
<transferable>true</transferable>
<deleteRule>NO ACTION</deleteRule>
</Relation>