<?xml version = '1.0' encoding = 'UTF-8'?>
<Diagram class="oracle.dbtools.crest.swingui.logical.DPVLogical" name="Logical" id="E887FA19-DA78-89E8-E683-3FEAB1E2FA73">
<createdBy>Alumno</createdBy>
<modifiedBy>Alumno</modifiedBy>
<createdTime>2025-03-27 19:30:02 UTC</createdTime>
<autoRoute>false</autoRoute>
<boxInbox>true</boxInbox>
<showLegend>false</showLegend>
<showLabels>false</showLabels>
<showRelAttributes>false</showRelAttributes>
<gridEnabled>false</gridEnabled>
<showGrid>false</showGrid>
<diagramColor>-1</diagramColor>
<display>false</display>
<notation>1</notation>
<objectViews>
<OView class="oracle.dbtools.crest.swingui.logical.TVEntity" oid="2B6B9E5A-08D9-57A2-4F73-BF401FC590FF" otype="Entity" vid="1D3D75C5-3191-9ACD-5BC7-FAFF34CC9C9C">
<hideElementsInCurrentOnly>false</hideElementsInCurrentOnly>
<bounds x="399" y="280" width="170" height="110"/>
</OView>
<OView class="oracle.dbtools.crest.swingui.logical.TVEntity" oid="3B3777E7-1359-DC5B-4609-4E8C1D071F6B" otype="Entity" vid="AC7B478D-40A6-5210-C33B-523BA282538C">
<hideElementsInCurrentOnly>false</hideElementsInCurrentOnly>
<bounds x="88" y="79" width="170" height="110"/>
</OView>
<OView class="oracle.dbtools.crest.swingui.logical.TVEntity" oid="9D4C0CA5-42A1-9FC8-3765-BFA45BC3D7D6" otype="Entity" vid="F676EB4B-7EEE-8BF3-515F-F50728F6F102">
<hideElementsInCurrentOnly>false</hideElementsInCurrentOnly>
<bounds x="399" y="72" width="170" height="110"/>
</OView>
<OView class="oracle.dbtools.crest.swingui.logical.TVEntity" oid="E4CA7DF0-4F87-44A6-C84B-6289D1BD3F57" otype="Entity" vid="F56530C7-15D1-370E-DDC9-823423EAC893">
<hideElementsInCurrentOnly>false</hideElementsInCurrentOnly>
<bounds x="84" y="279" width="170" height="110"/>
</OView>
</objectViews>
<connectors>
<Connector class="oracle.dbtools.crest.swingui.logical.TVRelation" oid="08E58119-E65F-BD49-C993-0E16D6F63FF5" otype="Relation" vid_source="1D3D75C5-3191-9ACD-5BC7-FAFF34CC9C9C" vid_target="F56530C7-15D1-370E-DDC9-823423EAC893">
<hideElementsInCurrentOnly>false</hideElementsInCurrentOnly>
<backgroundColor>-16777216</backgroundColor>
<lineWidth>1</lineWidth>
<points>
<point x="399" y="349"/>
<point x="254" y="349"/>
</points>
</Connector>
<Connector class="oracle.dbtools.crest.swingui.logical.TVRelation" oid="1CDF56D3-AC56-70A5-61AE-55BD7CD32496" otype="Relation" vid_source="F56530C7-15D1-370E-DDC9-823423EAC893" vid_target="AC7B478D-40A6-5210-C33B-523BA282538C">
<hideElementsInCurrentOnly>false</hideElementsInCurrentOnly>
<backgroundColor>-16777216</backgroundColor>
<lineWidth>1</lineWidth>
<points>
<point x="186" y="279"/>
<point x="186" y="189"/>
</points>
</Connector>
<Connector class="oracle.dbtools.crest.swingui.logical.TVRelation" oid="D531E775-90ED-7638-D158-7CE8A37EBBFC" otype="Relation" vid_source="AC7B478D-40A6-5210-C33B-523BA282538C" vid_target="F676EB4B-7EEE-8BF3-515F-F50728F6F102">
<hideElementsInCurrentOnly>false</hideElementsInCurrentOnly>
<backgroundColor>-16777216</backgroundColor>
<lineWidth>1</lineWidth>
<points>
<point x="258" y="130"/>
<point x="399" y="130"/>
</points>
</Connector>
</connectors>
</Diagram>